city,variable,date,predicted,lower_bound,upper_bound,unit
Bangalore,Temperature,2024-01-01,28.01,26.09,29.98,°C
Bangalore,Temperature,2024-01-02,28.06,26.24,29.76,°C
Bangalore,Temperature,2024-01-03,28.08,26.21,29.8,°C
Bangalore,Temperature,2024-01-04,28.14,26.28,29.91,°C
Bangalore,Temperature,2024-01-05,28.17,26.44,30.02,°C
Bangalore,Temperature,2024-01-06,28.19,26.23,30.08,°C
Bangalore,Temperature,2024-01-07,28.26,26.4,30.09,°C
Bangalore,Temperature,2024-01-08,28.3,26.4,30.08,°C
Bangalore,Temperature,2024-01-09,28.31,26.49,30.23,°C
Bangalore,Temperature,2024-01-10,28.31,26.58,30.2,°C
Bangalore,Temperature,2024-01-11,28.34,26.52,30.21,°C
Bangalore,Temperature,2024-01-12,28.35,26.52,30.24,°C
Bangalore,Temperature,2024-01-13,28.35,26.5,30.28,°C
Bangalore,Temperature,2024-01-14,28.41,26.6,30.25,°C
Bangalore,Temperature,2024-01-15,28.44,26.54,30.34,°C
Bangalore,Temperature,2024-01-16,28.45,26.64,30.15,°C
Bangalore,Temperature,2024-01-17,28.44,26.5,30.42,°C
Bangalore,Temperature,2024-01-18,28.48,26.69,30.5,°C
Bangalore,Temperature,2024-01-19,28.5,26.61,30.33,°C
Bangalore,Temperature,2024-01-20,28.52,26.63,30.27,°C
Bangalore,Temperature,2024-01-21,28.6,26.79,30.44,°C
Bangalore,Temperature,2024-01-22,28.66,26.75,30.58,°C
Bangalore,Temperature,2024-01-23,28.7,26.84,30.55,°C
Bangalore,Temperature,2024-01-24,28.73,26.81,30.54,°C
Bangalore,Temperature,2024-01-25,28.81,27.06,30.77,°C
Bangalore,Temperature,2024-01-26,28.87,26.83,30.7,°C
Bangalore,Temperature,2024-01-27,28.93,27.07,30.67,°C
Bangalore,Temperature,2024-01-28,29.05,27.11,30.92,°C
Bangalore,Temperature,2024-01-29,29.15,27.32,30.98,°C
Bangalore,Temperature,2024-01-30,29.23,27.32,31.06,°C
Bangalore,Temperature,2024-01-31,29.3,27.29,31.12,°C
Bangalore,Temperature,2024-02-01,29.42,27.68,31.22,°C
Bangalore,Temperature,2024-02-02,29.51,27.87,31.37,°C
Bangalore,Temperature,2024-02-03,29.6,27.64,31.46,°C
Bangalore,Temperature,2024-02-04,29.75,27.82,31.7,°C
Bangalore,Temperature,2024-02-05,29.87,28.16,31.79,°C
Bangalore,Temperature,2024-02-06,29.98,28.09,31.73,°C
Bangalore,Temperature,2024-02-07,30.06,28.32,31.87,°C
Bangalore,Temperature,2024-02-08,30.19,28.26,32.06,°C
Bangalore,Temperature,2024-02-09,30.29,28.47,32.22,°C
Bangalore,Temperature,2024-02-10,30.38,28.43,32.34,°C
Bangalore,Temperature,2024-02-11,30.53,28.69,32.53,°C
Bangalore,Temperature,2024-02-12,30.64,28.75,32.42,°C
Bangalore,Temperature,2024-02-13,30.74,28.98,32.68,°C
Bangalore,Temperature,2024-02-14,30.81,28.94,32.6,°C
Bangalore,Temperature,2024-02-15,30.92,28.96,32.78,°C
Bangalore,Temperature,2024-02-16,31.0,29.25,32.84,°C
Bangalore,Temperature,2024-02-17,31.08,29.39,32.87,°C
Bangalore,Temperature,2024-02-18,31.21,29.44,33.04,°C
Bangalore,Temperature,2024-02-19,31.3,29.43,33.18,°C
Bangalore,Temperature,2024-02-20,31.38,29.47,33.11,°C
Bangalore,Temperature,2024-02-21,31.44,29.49,33.22,°C
Bangalore,Temperature,2024-02-22,31.54,29.73,33.48,°C
Bangalore,Temperature,2024-02-23,31.61,29.67,33.35,°C
Bangalore,Temperature,2024-02-24,31.68,29.82,33.59,°C
Bangalore,Temperature,2024-02-25,31.8,30.08,33.72,°C
Bangalore,Temperature,2024-02-26,31.89,30.07,33.74,°C
Bangalore,Temperature,2024-02-27,31.97,30.28,33.77,°C
Bangalore,Temperature,2024-02-28,32.03,30.22,33.83,°C
Bangalore,Temperature,2024-02-29,32.14,30.41,34.03,°C
Bangalore,Temperature,2024-03-01,32.22,30.27,33.97,°C
Bangalore,Temperature,2024-03-02,32.3,30.48,34.11,°C
Bangalore,Temperature,2024-03-03,32.43,30.6,34.29,°C
Bangalore,Temperature,2024-03-04,32.54,30.67,34.43,°C
Bangalore,Temperature,2024-03-05,32.63,30.76,34.48,°C
Bangalore,Temperature,2024-03-06,32.71,30.88,34.52,°C
Bangalore,Temperature,2024-03-07,32.83,30.91,34.7,°C
Bangalore,Temperature,2024-03-08,32.92,31.08,34.69,°C
Bangalore,Temperature,2024-03-09,33.02,31.13,35.05,°C
Bangalore,Temperature,2024-03-10,33.17,31.22,35.2,°C
Bangalore,Temperature,2024-03-11,33.29,31.52,35.15,°C
Bangalore,Temperature,2024-03-12,33.39,31.5,35.36,°C
Bangalore,Temperature,2024-03-13,33.47,31.74,35.4,°C
Bangalore,Temperature,2024-03-14,33.6,31.65,35.33,°C
Bangalore,Temperature,2024-03-15,33.7,31.84,35.55,°C
Bangalore,Temperature,2024-03-16,33.79,31.95,35.57,°C
Bangalore,Temperature,2024-03-17,33.93,32.02,35.68,°C
Bangalore,Temperature,2024-03-18,34.05,32.26,35.87,°C
Bangalore,Temperature,2024-03-19,34.14,32.2,36.02,°C
Bangalore,Temperature,2024-03-20,34.21,32.51,36.17,°C
Bangalore,Temperature,2024-03-21,34.31,32.5,36.14,°C
Bangalore,Temperature,2024-03-22,34.39,32.63,36.3,°C
Bangalore,Temperature,2024-03-23,34.46,32.6,36.29,°C
Bangalore,Temperature,2024-03-24,34.57,32.64,36.3,°C
Bangalore,Temperature,2024-03-25,34.65,32.82,36.57,°C
Bangalore,Temperature,2024-03-26,34.71,32.75,36.55,°C
Bangalore,Temperature,2024-03-27,34.74,32.92,36.62,°C
Bangalore,Temperature,2024-03-28,34.81,32.86,36.62,°C
Bangalore,Temperature,2024-03-29,34.85,32.94,36.51,°C
Bangalore,Temperature,2024-03-30,34.88,33.07,36.76,°C
Bangalore,Rainfall,2024-01-01,0.33,0.0,5.58,mm
Bangalore,Rainfall,2024-01-02,0.19,0.0,6.28,mm
Bangalore,Rainfall,2024-01-03,0.22,0.0,6.38,mm
Bangalore,Rainfall,2024-01-04,0.34,0.0,6.16,mm
Bangalore,Rainfall,2024-01-05,0.27,0.0,5.76,mm
Bangalore,Rainfall,2024-01-06,0.02,0.0,5.76,mm
Bangalore,Rainfall,2024-01-07,0.08,0.0,5.64,mm
Bangalore,Rainfall,2024-01-08,0.16,0.0,5.45,mm
Bangalore,Rainfall,2024-01-09,0.06,0.0,5.66,mm
Bangalore,Rainfall,2024-01-10,0.11,0.0,5.47,mm
Bangalore,Rainfall,2024-01-11,0.27,0.0,6.35,mm
Bangalore,Rainfall,2024-01-12,0.23,0.0,5.85,mm
Bangalore,Rainfall,2024-01-13,0.02,0.0,5.46,mm
Bangalore,Rainfall,2024-01-14,0.11,0.0,5.78,mm
Bangalore,Rainfall,2024-01-15,0.23,0.0,5.91,mm
Bangalore,Rainfall,2024-01-16,0.15,0.0,5.55,mm
Bangalore,Rainfall,2024-01-17,0.24,0.0,6.13,mm
Bangalore,Rainfall,2024-01-18,0.42,0.0,6.04,mm
Bangalore,Rainfall,2024-01-19,0.41,0.0,6.15,mm
Bangalore,Rainfall,2024-01-20,0.21,0.0,6.09,mm
Bangalore,Rainfall,2024-01-21,0.31,0.0,5.78,mm
Bangalore,Rainfall,2024-01-22,0.44,0.0,6.6,mm
Bangalore,Rainfall,2024-01-23,0.37,0.0,6.32,mm
Bangalore,Rainfall,2024-01-24,0.45,0.0,6.26,mm
Bangalore,Rainfall,2024-01-25,0.62,0.0,6.02,mm
Bangalore,Rainfall,2024-01-26,0.59,0.0,6.39,mm
Bangalore,Rainfall,2024-01-27,0.37,0.0,6.15,mm
Bangalore,Rainfall,2024-01-28,0.44,0.0,6.02,mm
Bangalore,Rainfall,2024-01-29,0.54,0.0,6.5,mm
Bangalore,Rainfall,2024-01-30,0.43,0.0,6.2,mm
Bangalore,Rainfall,2024-01-31,0.48,0.0,6.5,mm
Bangalore,Rainfall,2024-02-01,0.61,0.0,6.09,mm
Bangalore,Rainfall,2024-02-02,0.54,0.0,6.09,mm
Bangalore,Rainfall,2024-02-03,0.28,0.0,5.62,mm
Bangalore,Rainfall,2024-02-04,0.33,0.0,6.32,mm
Bangalore,Rainfall,2024-02-05,0.39,0.0,6.25,mm
Bangalore,Rainfall,2024-02-06,0.26,0.0,5.6,mm
Bangalore,Rainfall,2024-02-07,0.28,0.0,5.96,mm
Bangalore,Rainfall,2024-02-08,0.39,0.0,6.33,mm
Bangalore,Rainfall,2024-02-09,0.31,0.0,5.9,mm
Bangalore,Rainfall,2024-02-10,0.05,0.0,5.96,mm
Bangalore,Rainfall,2024-02-11,0.09,0.0,5.75,mm
Bangalore,Rainfall,2024-02-12,0.17,0.0,5.82,mm
Bangalore,Rainfall,2024-02-13,0.05,0.0,6.05,mm
Bangalore,Rainfall,2024-02-14,0.09,0.0,6.32,mm
Bangalore,Rainfall,2024-02-15,0.23,0.0,5.72,mm
Bangalore,Rainfall,2024-02-16,0.17,0.0,5.81,mm
Bangalore,Rainfall,2024-02-17,0.0,0.0,5.86,mm
Bangalore,Rainfall,2024-02-18,0.03,0.0,5.56,mm
Bangalore,Rainfall,2024-02-19,0.14,0.0,6.14,mm
Bangalore,Rainfall,2024-02-20,0.06,0.0,6.13,mm
Bangalore,Rainfall,2024-02-21,0.14,0.0,5.91,mm
Bangalore,Rainfall,2024-02-22,0.33,0.0,6.17,mm
Bangalore,Rainfall,2024-02-23,0.31,0.0,5.65,mm
Bangalore,Rainfall,2024-02-24,0.12,0.0,6.24,mm
Bangalore,Rainfall,2024-02-25,0.24,0.0,6.26,mm
Bangalore,Rainfall,2024-02-26,0.38,0.0,5.83,mm
Bangalore,Rainfall,2024-02-27,0.32,0.0,6.2,mm
Bangalore,Rainfall,2024-02-28,0.41,0.0,6.48,mm
Bangalore,Rainfall,2024-02-29,0.6,0.0,6.63,mm
Bangalore,Rainfall,2024-03-01,0.59,0.0,6.22,mm
Bangalore,Rainfall,2024-03-02,0.4,0.0,6.45,mm
Bangalore,Rainfall,2024-03-03,0.5,0.0,6.54,mm
Bangalore,Rainfall,2024-03-04,0.62,0.0,6.36,mm
Bangalore,Rainfall,2024-03-05,0.54,0.0,6.08,mm
Bangalore,Rainfall,2024-03-06,0.6,0.0,6.29,mm
Bangalore,Rainfall,2024-03-07,0.76,0.0,6.7,mm
Bangalore,Rainfall,2024-03-08,0.71,0.0,6.54,mm
Bangalore,Rainfall,2024-03-09,0.47,0.0,5.59,mm
Bangalore,Rainfall,2024-03-10,0.53,0.0,5.87,mm
Bangalore,Rainfall,2024-03-11,0.61,0.0,6.25,mm
Bangalore,Rainfall,2024-03-12,0.49,0.0,6.33,mm
Bangalore,Rainfall,2024-03-13,0.51,0.0,6.05,mm
Bangalore,Rainfall,2024-03-14,0.63,0.0,6.45,mm
Bangalore,Rainfall,2024-03-15,0.55,0.0,6.13,mm
Bangalore,Rainfall,2024-03-16,0.28,0.0,6.08,mm
Bangalore,Rainfall,2024-03-17,0.32,0.0,5.98,mm
Bangalore,Rainfall,2024-03-18,0.39,0.0,6.15,mm
Bangalore,Rainfall,2024-03-19,0.25,0.0,5.91,mm
Bangalore,Rainfall,2024-03-20,0.28,0.0,5.74,mm
Bangalore,Rainfall,2024-03-21,0.4,0.0,6.17,mm
Bangalore,Rainfall,2024-03-22,0.33,0.0,5.95,mm
Bangalore,Rainfall,2024-03-23,0.09,0.0,6.63,mm
Bangalore,Rainfall,2024-03-24,0.16,0.0,6.06,mm
Bangalore,Rainfall,2024-03-25,0.25,0.0,5.82,mm
Bangalore,Rainfall,2024-03-26,0.16,0.0,5.69,mm
Bangalore,Rainfall,2024-03-27,0.23,0.0,6.11,mm
Bangalore,Rainfall,2024-03-28,0.41,0.0,6.13,mm
Bangalore,Rainfall,2024-03-29,0.39,0.0,6.28,mm
Bangalore,Rainfall,2024-03-30,0.2,0.0,5.44,mm
Chennai,Temperature,2024-01-01,27.94,26.16,29.85,°C
Chennai,Temperature,2024-01-02,27.97,26.01,30.04,°C
Chennai,Temperature,2024-01-03,27.91,25.97,29.72,°C
Chennai,Temperature,2024-01-04,27.99,26.0,29.86,°C
Chennai,Temperature,2024-01-05,28.02,26.08,29.99,°C
Chennai,Temperature,2024-01-06,27.96,25.89,29.93,°C
Chennai,Temperature,2024-01-07,27.97,26.03,29.91,°C
Chennai,Temperature,2024-01-08,27.96,26.06,29.77,°C
Chennai,Temperature,2024-01-09,27.99,26.1,29.93,°C
Chennai,Temperature,2024-01-10,27.93,25.84,29.93,°C
Chennai,Temperature,2024-01-11,28.02,26.01,29.84,°C
Chennai,Temperature,2024-01-12,28.04,26.2,30.08,°C
Chennai,Temperature,2024-01-13,28.0,26.0,30.04,°C
Chennai,Temperature,2024-01-14,28.01,26.0,29.83,°C
Chennai,Temperature,2024-01-15,28.02,26.13,29.9,°C
Chennai,Temperature,2024-01-16,28.06,26.05,30.01,°C
Chennai,Temperature,2024-01-17,28.02,26.03,30.0,°C
Chennai,Temperature,2024-01-18,28.13,26.14,30.21,°C
Chennai,Temperature,2024-01-19,28.18,26.08,29.95,°C
Chennai,Temperature,2024-01-20,28.16,26.2,30.06,°C
Chennai,Temperature,2024-01-21,28.2,26.23,30.21,°C
Chennai,Temperature,2024-01-22,28.23,26.29,30.04,°C
Chennai,Temperature,2024-01-23,28.31,26.5,30.23,°C
Chennai,Temperature,2024-01-24,28.29,26.32,30.12,°C
Chennai,Temperature,2024-01-25,28.43,26.54,30.51,°C
Chennai,Temperature,2024-01-26,28.51,26.53,30.4,°C
Chennai,Temperature,2024-01-27,28.52,26.48,30.4,°C
Chennai,Temperature,2024-01-28,28.59,26.65,30.58,°C
Chennai,Temperature,2024-01-29,28.65,26.59,30.52,°C
Chennai,Temperature,2024-01-30,28.75,26.8,30.73,°C
Chennai,Temperature,2024-01-31,28.75,26.7,30.61,°C
Chennai,Temperature,2024-02-01,28.91,26.86,30.71,°C
Chennai,Temperature,2024-02-02,29.01,27.13,31.0,°C
Chennai,Temperature,2024-02-03,29.03,27.08,30.82,°C
Chennai,Temperature,2024-02-04,29.11,27.2,31.17,°C
Chennai,Temperature,2024-02-05,29.18,27.26,31.09,°C
Chennai,Temperature,2024-02-06,29.28,27.28,31.2,°C
Chennai,Temperature,2024-02-07,29.29,27.39,31.24,°C
Chennai,Temperature,2024-02-08,29.44,27.52,31.26,°C
Chennai,Temperature,2024-02-09,29.54,27.63,31.53,°C
Chennai,Temperature,2024-02-10,29.56,27.54,31.55,°C
Chennai,Temperature,2024-02-11,29.63,27.75,31.49,°C
Chennai,Temperature,2024-02-12,29.7,27.62,31.75,°C
Chennai,Temperature,2024-02-13,29.79,27.89,31.7,°C
Chennai,Temperature,2024-02-14,29.79,27.81,31.74,°C
Chennai,Temperature,2024-02-15,29.95,27.98,31.9,°C
Chennai,Temperature,2024-02-16,30.04,28.02,32.01,°C
Chennai,Temperature,2024-02-17,30.05,28.07,31.97,°C
Chennai,Temperature,2024-02-18,30.12,28.05,31.94,°C
Chennai,Temperature,2024-02-19,30.18,28.26,32.17,°C
Chennai,Temperature,2024-02-20,30.28,28.3,32.14,°C
Chennai,Temperature,2024-02-21,30.28,28.28,32.33,°C
Chennai,Temperature,2024-02-22,30.43,28.53,32.36,°C
Chennai,Temperature,2024-02-23,30.53,28.54,32.35,°C
Chennai,Temperature,2024-02-24,30.55,28.62,32.6,°C
Chennai,Temperature,2024-02-25,30.63,28.82,32.43,°C
Chennai,Temperature,2024-02-26,30.7,28.74,32.62,°C
Chennai,Temperature,2024-02-27,30.81,28.89,32.72,°C
Chennai,Temperature,2024-02-28,30.82,28.88,32.82,°C
Chennai,Temperature,2024-02-29,30.99,29.09,33.05,°C
Chennai,Temperature,2024-03-01,31.1,29.06,32.97,°C
Chennai,Temperature,2024-03-02,31.13,29.19,33.02,°C
Chennai,Temperature,2024-03-03,31.23,29.32,33.13,°C
Chennai,Temperature,2024-03-04,31.32,29.39,33.32,°C
Chennai,Temperature,2024-03-05,31.44,29.46,33.53,°C
Chennai,Temperature,2024-03-06,31.47,29.52,33.55,°C
Chennai,Temperature,2024-03-07,31.65,29.67,33.68,°C
Chennai,Temperature,2024-03-08,31.77,29.84,33.83,°C
Chennai,Temperature,2024-03-09,31.81,29.86,33.77,°C
Chennai,Temperature,2024-03-10,31.92,29.8,33.82,°C
Chennai,Temperature,2024-03-11,32.01,30.04,33.95,°C
Chennai,Temperature,2024-03-12,32.14,30.27,34.19,°C
Chennai,Temperature,2024-03-13,32.18,30.33,34.22,°C
Chennai,Temperature,2024-03-14,32.36,30.52,34.42,°C
Chennai,Temperature,2024-03-15,32.49,30.56,34.5,°C
Chennai,Temperature,2024-03-16,32.53,30.54,34.54,°C
Chennai,Temperature,2024-03-17,32.64,30.66,34.58,°C
Chennai,Temperature,2024-03-18,32.73,30.78,34.67,°C
Chennai,Temperature,2024-03-19,32.85,31.01,34.82,°C
Chennai,Temperature,2024-03-20,32.88,31.02,34.87,°C
Chennai,Temperature,2024-03-21,33.06,30.99,35.03,°C
Chennai,Temperature,2024-03-22,33.18,31.32,35.12,°C
Chennai,Temperature,2024-03-23,33.22,31.29,35.25,°C
Chennai,Temperature,2024-03-24,33.31,31.53,35.23,°C
Chennai,Temperature,2024-03-25,33.39,31.53,35.38,°C
Chennai,Temperature,2024-03-26,33.5,31.55,35.55,°C
Chennai,Temperature,2024-03-27,33.52,31.58,35.6,°C
Chennai,Temperature,2024-03-28,33.68,31.74,35.64,°C
Chennai,Temperature,2024-03-29,33.79,31.86,35.64,°C
Chennai,Temperature,2024-03-30,33.8,31.71,35.81,°C
Chennai,Rainfall,2024-01-01,2.51,0.0,9.74,mm
Chennai,Rainfall,2024-01-02,2.48,0.0,9.83,mm
Chennai,Rainfall,2024-01-03,2.56,0.0,9.79,mm
Chennai,Rainfall,2024-01-04,2.65,0.0,9.91,mm
Chennai,Rainfall,2024-01-05,2.53,0.0,9.66,mm
Chennai,Rainfall,2024-01-06,2.46,0.0,9.46,mm
Chennai,Rainfall,2024-01-07,2.79,0.0,10.32,mm
Chennai,Rainfall,2024-01-08,2.85,0.0,10.22,mm
Chennai,Rainfall,2024-01-09,2.79,0.0,10.03,mm
Chennai,Rainfall,2024-01-10,2.82,0.0,10.2,mm
Chennai,Rainfall,2024-01-11,2.84,0.0,9.72,mm
Chennai,Rainfall,2024-01-12,2.64,0.0,9.7,mm
Chennai,Rainfall,2024-01-13,2.47,0.0,9.57,mm
Chennai,Rainfall,2024-01-14,2.7,0.0,9.2,mm
Chennai,Rainfall,2024-01-15,2.65,0.0,10.31,mm
Chennai,Rainfall,2024-01-16,2.48,0.0,10.09,mm
Chennai,Rainfall,2024-01-17,2.4,0.0,9.72,mm
Chennai,Rainfall,2024-01-18,2.32,0.0,9.43,mm
Chennai,Rainfall,2024-01-19,2.02,0.0,9.14,mm
Chennai,Rainfall,2024-01-20,1.77,0.0,8.97,mm
Chennai,Rainfall,2024-01-21,1.92,0.0,8.54,mm
Chennai,Rainfall,2024-01-22,1.82,0.0,8.79,mm
Chennai,Rainfall,2024-01-23,1.61,0.0,8.22,mm
Chennai,Rainfall,2024-01-24,1.52,0.0,9.26,mm
Chennai,Rainfall,2024-01-25,1.43,0.0,8.42,mm
Chennai,Rainfall,2024-01-26,1.15,0.0,8.66,mm
Chennai,Rainfall,2024-01-27,0.95,0.0,7.93,mm
Chennai,Rainfall,2024-01-28,1.16,0.0,8.19,mm
Chennai,Rainfall,2024-01-29,1.13,0.0,8.3,mm
Chennai,Rainfall,2024-01-30,1.0,0.0,8.4,mm
Chennai,Rainfall,2024-01-31,1.01,0.0,8.13,mm
Chennai,Rainfall,2024-02-01,1.03,0.0,7.52,mm
Chennai,Rainfall,2024-02-02,0.87,0.0,8.73,mm
Chennai,Rainfall,2024-02-03,0.78,0.0,7.94,mm
Chennai,Rainfall,2024-02-04,1.11,0.0,8.16,mm
Chennai,Rainfall,2024-02-05,1.19,0.0,8.27,mm
Chennai,Rainfall,2024-02-06,1.18,0.0,8.96,mm
Chennai,Rainfall,2024-02-07,1.28,0.0,8.34,mm
Chennai,Rainfall,2024-02-08,1.4,0.0,8.38,mm
Chennai,Rainfall,2024-02-09,1.31,0.0,7.98,mm
Chennai,Rainfall,2024-02-10,1.28,0.0,8.38,mm
Chennai,Rainfall,2024-02-11,1.65,0.0,8.85,mm
Chennai,Rainfall,2024-02-12,1.77,0.0,9.46,mm
Chennai,Rainfall,2024-02-13,1.76,0.0,9.25,mm
Chennai,Rainfall,2024-02-14,1.86,0.0,8.5,mm
Chennai,Rainfall,2024-02-15,1.95,0.0,8.63,mm
Chennai,Rainfall,2024-02-16,1.82,0.0,8.78,mm
Chennai,Rainfall,2024-02-17,1.74,0.0,8.64,mm
Chennai,Rainfall,2024-02-18,2.05,0.0,9.34,mm
Chennai,Rainfall,2024-02-19,2.09,0.0,9.45,mm
Chennai,Rainfall,2024-02-20,2.0,0.0,9.37,mm
Chennai,Rainfall,2024-02-21,2.01,0.0,8.7,mm
Chennai,Rainfall,2024-02-22,2.01,0.0,9.37,mm
Chennai,Rainfall,2024-02-23,1.8,0.0,9.12,mm
Chennai,Rainfall,2024-02-24,1.63,0.0,8.66,mm
Chennai,Rainfall,2024-02-25,1.86,0.0,9.03,mm
Chennai,Rainfall,2024-02-26,1.83,0.0,8.79,mm
Chennai,Rainfall,2024-02-27,1.68,0.0,8.65,mm
Chennai,Rainfall,2024-02-28,1.64,0.0,8.67,mm
Chennai,Rainfall,2024-02-29,1.61,0.0,9.22,mm
Chennai,Rainfall,2024-03-01,1.37,0.0,8.45,mm
Chennai,Rainfall,2024-03-02,1.2,0.0,8.6,mm
Chennai,Rainfall,2024-03-03,1.43,0.0,9.07,mm
Chennai,Rainfall,2024-03-04,1.42,0.0,9.11,mm
Chennai,Rainfall,2024-03-05,1.31,0.0,8.41,mm
Chennai,Rainfall,2024-03-06,1.31,0.0,8.43,mm
Chennai,Rainfall,2024-03-07,1.33,0.0,8.42,mm
Chennai,Rainfall,2024-03-08,1.16,0.0,8.43,mm
Chennai,Rainfall,2024-03-09,1.05,0.0,8.21,mm
Chennai,Rainfall,2024-03-10,1.36,0.0,8.53,mm
Chennai,Rainfall,2024-03-11,1.43,0.0,8.65,mm
Chennai,Rainfall,2024-03-12,1.39,0.0,8.19,mm
Chennai,Rainfall,2024-03-13,1.46,0.0,8.47,mm
Chennai,Rainfall,2024-03-14,1.55,0.0,8.56,mm
Chennai,Rainfall,2024-03-15,1.43,0.0,8.67,mm
Chennai,Rainfall,2024-03-16,1.38,0.0,8.54,mm
Chennai,Rainfall,2024-03-17,1.72,0.0,8.59,mm
Chennai,Rainfall,2024-03-18,1.81,0.0,9.08,mm
Chennai,Rainfall,2024-03-19,1.78,0.0,9.17,mm
Chennai,Rainfall,2024-03-20,1.86,0.0,9.0,mm
Chennai,Rainfall,2024-03-21,1.93,0.0,8.59,mm
Chennai,Rainfall,2024-03-22,1.78,0.0,9.17,mm
Chennai,Rainfall,2024-03-23,1.69,0.0,9.45,mm
Chennai,Rainfall,2024-03-24,1.98,0.0,9.41,mm
Chennai,Rainfall,2024-03-25,2.02,0.0,9.65,mm
Chennai,Rainfall,2024-03-26,1.92,0.0,8.61,mm
Chennai,Rainfall,2024-03-27,1.93,0.0,8.99,mm
Chennai,Rainfall,2024-03-28,1.93,0.0,8.51,mm
Chennai,Rainfall,2024-03-29,1.72,0.0,8.72,mm
Chennai,Rainfall,2024-03-30,1.55,0.0,8.32,mm
Coimbatore,Temperature,2024-01-01,30.29,28.23,32.55,°C
Coimbatore,Temperature,2024-01-02,30.33,27.95,32.4,°C
Coimbatore,Temperature,2024-01-03,30.43,28.08,32.6,°C
Coimbatore,Temperature,2024-01-04,30.51,28.33,32.75,°C
Coimbatore,Temperature,2024-01-05,30.58,28.35,32.68,°C
Coimbatore,Temperature,2024-01-06,30.58,28.45,32.87,°C
Coimbatore,Temperature,2024-01-07,30.76,28.6,33.0,°C
Coimbatore,Temperature,2024-01-08,30.81,28.57,33.05,°C
Coimbatore,Temperature,2024-01-09,30.82,28.64,33.16,°C
Coimbatore,Temperature,2024-01-10,30.88,28.61,33.13,°C
Coimbatore,Temperature,2024-01-11,30.93,28.85,33.11,°C
Coimbatore,Temperature,2024-01-12,30.96,28.75,33.17,°C
Coimbatore,Temperature,2024-01-13,30.94,28.65,33.27,°C
Coimbatore,Temperature,2024-01-14,31.08,29.06,33.32,°C
Coimbatore,Temperature,2024-01-15,31.11,28.89,33.42,°C
Coimbatore,Temperature,2024-01-16,31.1,28.73,33.34,°C
Coimbatore,Temperature,2024-01-17,31.15,28.96,33.34,°C
Coimbatore,Temperature,2024-01-18,31.18,28.92,33.52,°C
Coimbatore,Temperature,2024-01-19,31.22,29.1,33.37,°C
Coimbatore,Temperature,2024-01-20,31.2,29.01,33.41,°C
Coimbatore,Temperature,2024-01-21,31.35,29.05,33.46,°C
Coimbatore,Temperature,2024-01-22,31.39,29.17,33.61,°C
Coimbatore,Temperature,2024-01-23,31.41,29.19,33.71,°C
Coimbatore,Temperature,2024-01-24,31.48,29.26,33.83,°C
Coimbatore,Temperature,2024-01-25,31.55,29.41,34.06,°C
Coimbatore,Temperature,2024-01-26,31.62,29.42,33.8,°C
Coimbatore,Temperature,2024-01-27,31.64,29.3,33.9,°C
Coimbatore,Temperature,2024-01-28,31.84,29.57,34.12,°C
Coimbatore,Temperature,2024-01-29,31.93,29.61,34.25,°C
Coimbatore,Temperature,2024-01-30,32.0,29.86,34.19,°C
Coimbatore,Temperature,2024-01-31,32.12,29.94,34.36,°C
Coimbatore,Temperature,2024-02-01,32.24,30.08,34.39,°C
Coimbatore,Temperature,2024-02-02,32.35,30.16,34.45,°C
Coimbatore,Temperature,2024-02-03,32.42,30.11,34.66,°C
Coimbatore,Temperature,2024-02-04,32.66,30.5,34.95,°C
Coimbatore,Temperature,2024-02-05,32.78,30.62,35.08,°C
Coimbatore,Temperature,2024-02-06,32.88,30.55,35.07,°C
Coimbatore,Temperature,2024-02-07,33.03,30.71,35.32,°C
Coimbatore,Temperature,2024-02-08,33.16,31.02,35.43,°C
Coimbatore,Temperature,2024-02-09,33.29,31.18,35.69,°C
Coimbatore,Temperature,2024-02-10,33.36,31.11,35.6,°C
Coimbatore,Temperature,2024-02-11,33.59,31.3,35.62,°C
Coimbatore,Temperature,2024-02-12,33.71,31.44,35.95,°C
Coimbatore,Temperature,2024-02-13,33.79,31.51,35.93,°C
Coimbatore,Temperature,2024-02-14,33.92,31.77,36.19,°C
Coimbatore,Temperature,2024-02-15,34.02,31.89,36.14,°C
Coimbatore,Temperature,2024-02-16,34.12,31.88,36.36,°C
Coimbatore,Temperature,2024-02-17,34.16,32.01,36.64,°C
Coimbatore,Temperature,2024-02-18,34.35,32.09,36.55,°C
Coimbatore,Temperature,2024-02-19,34.43,32.15,36.67,°C
Coimbatore,Temperature,2024-02-20,34.47,32.24,36.71,°C
Coimbatore,Temperature,2024-02-21,34.56,32.28,36.81,°C
Coimbatore,Temperature,2024-02-22,34.63,32.39,36.92,°C
Coimbatore,Temperature,2024-02-23,34.69,32.51,36.97,°C
Coimbatore,Temperature,2024-02-24,34.69,32.55,36.93,°C
Coimbatore,Temperature,2024-02-25,34.86,32.69,37.3,°C
Coimbatore,Temperature,2024-02-26,34.92,32.63,37.19,°C
Coimbatore,Temperature,2024-02-27,34.94,32.72,37.2,°C
Coimbatore,Temperature,2024-02-28,35.01,32.7,37.14,°C
Coimbatore,Temperature,2024-02-29,35.07,32.91,37.32,°C
Coimbatore,Temperature,2024-03-01,35.12,33.01,37.36,°C
Coimbatore,Temperature,2024-03-02,35.13,32.8,37.32,°C
Coimbatore,Temperature,2024-03-03,35.31,33.1,37.66,°C
Coimbatore,Temperature,2024-03-04,35.37,33.08,37.47,°C
Coimbatore,Temperature,2024-03-05,35.41,33.03,37.66,°C
Coimbatore,Temperature,2024-03-06,35.5,33.21,37.75,°C
Coimbatore,Temperature,2024-03-07,35.59,33.26,37.87,°C
Coimbatore,Temperature,2024-03-08,35.67,33.64,37.84,°C
Coimbatore,Temperature,2024-03-09,35.71,33.57,37.9,°C
Coimbatore,Temperature,2024-03-10,35.91,33.6,38.25,°C
Coimbatore,Temperature,2024-03-11,36.01,33.8,38.22,°C
Coimbatore,Temperature,2024-03-12,36.08,34.04,38.27,°C
Coimbatore,Temperature,2024-03-13,36.21,33.94,38.3,°C
Coimbatore,Temperature,2024-03-14,36.32,34.08,38.45,°C
Coimbatore,Temperature,2024-03-15,36.43,34.13,38.67,°C
Coimbatore,Temperature,2024-03-16,36.48,34.41,38.83,°C
Coimbatore,Temperature,2024-03-17,36.71,34.69,38.94,°C
Coimbatore,Temperature,2024-03-18,36.82,34.61,39.0,°C
Coimbatore,Temperature,2024-03-19,36.89,34.73,39.22,°C
Coimbatore,Temperature,2024-03-20,37.02,34.9,39.21,°C
Coimbatore,Temperature,2024-03-21,37.13,34.72,39.31,°C
Coimbatore,Temperature,2024-03-22,37.22,34.86,39.38,°C
Coimbatore,Temperature,2024-03-23,37.26,35.01,39.54,°C
Coimbatore,Temperature,2024-03-24,37.46,35.28,39.63,°C
Coimbatore,Temperature,2024-03-25,37.54,35.43,39.81,°C
Coimbatore,Temperature,2024-03-26,37.57,35.29,39.82,°C
Coimbatore,Temperature,2024-03-27,37.66,35.31,39.8,°C
Coimbatore,Temperature,2024-03-28,37.71,35.35,40.11,°C
Coimbatore,Temperature,2024-03-29,37.76,35.44,39.91,°C
Coimbatore,Temperature,2024-03-30,37.74,35.56,39.91,°C
Coimbatore,Rainfall,2024-01-01,1.32,0.0,7.93,mm
Coimbatore,Rainfall,2024-01-02,0.94,0.0,7.4,mm
Coimbatore,Rainfall,2024-01-03,1.46,0.0,8.2,mm
Coimbatore,Rainfall,2024-01-04,1.39,0.0,8.01,mm
Coimbatore,Rainfall,2024-01-05,1.19,0.0,8.3,mm
Coimbatore,Rainfall,2024-01-06,1.72,0.0,8.51,mm
Coimbatore,Rainfall,2024-01-07,1.7,0.0,8.82,mm
Coimbatore,Rainfall,2024-01-08,1.58,0.0,8.41,mm
Coimbatore,Rainfall,2024-01-09,1.21,0.0,7.85,mm
Coimbatore,Rainfall,2024-01-10,1.71,0.0,8.52,mm
Coimbatore,Rainfall,2024-01-11,1.62,0.0,7.75,mm
Coimbatore,Rainfall,2024-01-12,1.39,0.0,7.78,mm
Coimbatore,Rainfall,2024-01-13,1.88,0.0,9.29,mm
Coimbatore,Rainfall,2024-01-14,1.81,0.0,8.48,mm
Coimbatore,Rainfall,2024-01-15,1.64,0.0,8.3,mm
Coimbatore,Rainfall,2024-01-16,1.21,0.0,7.87,mm
Coimbatore,Rainfall,2024-01-17,1.66,0.0,8.53,mm
Coimbatore,Rainfall,2024-01-18,1.52,0.0,8.21,mm
Coimbatore,Rainfall,2024-01-19,1.23,0.0,7.94,mm
Coimbatore,Rainfall,2024-01-20,1.67,0.0,7.97,mm
Coimbatore,Rainfall,2024-01-21,1.55,0.0,8.34,mm
Coimbatore,Rainfall,2024-01-22,1.35,0.0,8.23,mm
Coimbatore,Rainfall,2024-01-23,0.89,0.0,7.08,mm
Coimbatore,Rainfall,2024-01-24,1.31,0.0,7.61,mm
Coimbatore,Rainfall,2024-01-25,1.16,0.0,7.81,mm
Coimbatore,Rainfall,2024-01-26,0.86,0.0,7.15,mm
Coimbatore,Rainfall,2024-01-27,1.3,0.0,8.43,mm
Coimbatore,Rainfall,2024-01-28,1.2,0.0,7.76,mm
Coimbatore,Rainfall,2024-01-29,1.02,0.0,7.97,mm
Coimbatore,Rainfall,2024-01-30,0.58,0.0,7.76,mm
Coimbatore,Rainfall,2024-01-31,1.05,0.0,7.77,mm
Coimbatore,Rainfall,2024-02-01,0.93,0.0,8.21,mm
Coimbatore,Rainfall,2024-02-02,0.68,0.0,7.38,mm
Coimbatore,Rainfall,2024-02-03,1.17,0.0,7.72,mm
Coimbatore,Rainfall,2024-02-04,1.11,0.0,7.91,mm
Coimbatore,Rainfall,2024-02-05,0.98,0.0,8.22,mm
Coimbatore,Rainfall,2024-02-06,0.59,0.0,6.81,mm
Coimbatore,Rainfall,2024-02-07,1.09,0.0,7.57,mm
Coimbatore,Rainfall,2024-02-08,1.02,0.0,7.57,mm
Coimbatore,Rainfall,2024-02-09,0.81,0.0,6.52,mm
Coimbatore,Rainfall,2024-02-10,1.32,0.0,8.69,mm
Coimbatore,Rainfall,2024-02-11,1.3,0.0,7.78,mm
Coimbatore,Rainfall,2024-02-12,1.18,0.0,7.78,mm
Coimbatore,Rainfall,2024-02-13,0.81,0.0,6.93,mm
Coimbatore,Rainfall,2024-02-14,1.32,0.0,8.14,mm
Coimbatore,Rainfall,2024-02-15,1.25,0.0,7.86,mm
Coimbatore,Rainfall,2024-02-16,1.03,0.0,7.61,mm
Coimbatore,Rainfall,2024-02-17,1.54,0.0,8.07,mm
Coimbatore,Rainfall,2024-02-18,1.5,0.0,8.07,mm
Coimbatore,Rainfall,2024-02-19,1.37,0.0,8.11,mm
Coimbatore,Rainfall,2024-02-20,0.97,0.0,7.47,mm
Coimbatore,Rainfall,2024-02-21,1.47,0.0,8.03,mm
Coimbatore,Rainfall,2024-02-22,1.37,0.0,7.67,mm
Coimbatore,Rainfall,2024-02-23,1.13,0.0,7.66,mm
Coimbatore,Rainfall,2024-02-24,1.62,0.0,8.48,mm
Coimbatore,Rainfall,2024-02-25,1.56,0.0,7.81,mm
Coimbatore,Rainfall,2024-02-26,1.41,0.0,7.54,mm
Coimbatore,Rainfall,2024-02-27,0.99,0.0,7.47,mm
Coimbatore,Rainfall,2024-02-28,1.47,0.0,7.93,mm
Coimbatore,Rainfall,2024-02-29,1.37,0.0,7.97,mm
Coimbatore,Rainfall,2024-03-01,1.12,0.0,7.9,mm
Coimbatore,Rainfall,2024-03-02,1.61,0.0,8.79,mm
Coimbatore,Rainfall,2024-03-03,1.55,0.0,7.68,mm
Coimbatore,Rainfall,2024-03-04,1.4,0.0,7.56,mm
Coimbatore,Rainfall,2024-03-05,0.99,0.0,7.82,mm
Coimbatore,Rainfall,2024-03-06,1.48,0.0,8.51,mm
Coimbatore,Rainfall,2024-03-07,1.38,0.0,8.49,mm
Coimbatore,Rainfall,2024-03-08,1.15,0.0,7.23,mm
Coimbatore,Rainfall,2024-03-09,1.64,0.0,7.88,mm
Coimbatore,Rainfall,2024-03-10,1.59,0.0,8.25,mm
Coimbatore,Rainfall,2024-03-11,1.45,0.0,8.07,mm
Coimbatore,Rainfall,2024-03-12,1.05,0.0,7.98,mm
Coimbatore,Rainfall,2024-03-13,1.54,0.0,7.9,mm
Coimbatore,Rainfall,2024-03-14,1.44,0.0,8.39,mm
Coimbatore,Rainfall,2024-03-15,1.2,0.0,8.29,mm
Coimbatore,Rainfall,2024-03-16,1.69,0.0,8.29,mm
Coimbatore,Rainfall,2024-03-17,1.63,0.0,8.56,mm
Coimbatore,Rainfall,2024-03-18,1.47,0.0,8.28,mm
Coimbatore,Rainfall,2024-03-19,1.06,0.0,7.92,mm
Coimbatore,Rainfall,2024-03-20,1.53,0.0,8.47,mm
Coimbatore,Rainfall,2024-03-21,1.41,0.0,8.41,mm
Coimbatore,Rainfall,2024-03-22,1.15,0.0,8.18,mm
Coimbatore,Rainfall,2024-03-23,1.62,0.0,8.73,mm
Coimbatore,Rainfall,2024-03-24,1.54,0.0,8.33,mm
Coimbatore,Rainfall,2024-03-25,1.36,0.0,8.06,mm
Coimbatore,Rainfall,2024-03-26,0.93,0.0,8.12,mm
Coimbatore,Rainfall,2024-03-27,1.39,0.0,8.29,mm
Coimbatore,Rainfall,2024-03-28,1.27,0.0,7.75,mm
Coimbatore,Rainfall,2024-03-29,1.01,0.0,7.82,mm
Coimbatore,Rainfall,2024-03-30,1.48,0.0,8.35,mm
Delhi,Temperature,2024-01-01,19.26,16.01,22.31,°C
Delhi,Temperature,2024-01-02,19.21,16.16,22.14,°C
Delhi,Temperature,2024-01-03,19.11,15.81,22.37,°C
Delhi,Temperature,2024-01-04,19.06,16.05,21.97,°C
Delhi,Temperature,2024-01-05,19.01,15.82,22.03,°C
Delhi,Temperature,2024-01-06,18.89,15.9,21.99,°C
Delhi,Temperature,2024-01-07,18.92,15.73,21.92,°C
Delhi,Temperature,2024-01-08,18.92,16.04,21.88,°C
Delhi,Temperature,2024-01-09,18.92,15.87,21.74,°C
Delhi,Temperature,2024-01-10,18.87,15.75,21.92,°C
Delhi,Temperature,2024-01-11,18.87,15.85,22.04,°C
Delhi,Temperature,2024-01-12,18.87,15.68,22.01,°C
Delhi,Temperature,2024-01-13,18.8,15.86,22.02,°C
Delhi,Temperature,2024-01-14,18.88,15.84,21.92,°C
Delhi,Temperature,2024-01-15,18.92,15.9,21.94,°C
Delhi,Temperature,2024-01-16,18.98,15.92,22.11,°C
Delhi,Temperature,2024-01-17,18.98,15.94,21.85,°C
Delhi,Temperature,2024-01-18,19.03,15.96,22.2,°C
Delhi,Temperature,2024-01-19,19.08,16.08,22.15,°C
Delhi,Temperature,2024-01-20,19.07,15.8,22.29,°C
Delhi,Temperature,2024-01-21,19.2,16.1,22.37,°C
Delhi,Temperature,2024-01-22,19.3,16.22,22.28,°C
Delhi,Temperature,2024-01-23,19.41,16.36,22.61,°C
Delhi,Temperature,2024-01-24,19.47,16.4,22.51,°C
Delhi,Temperature,2024-01-25,19.59,16.53,22.36,°C
Delhi,Temperature,2024-01-26,19.7,16.95,22.79,°C
Delhi,Temperature,2024-01-27,19.75,16.62,22.58,°C
Delhi,Temperature,2024-01-28,19.95,16.84,23.22,°C
Delhi,Temperature,2024-01-29,20.11,16.94,23.17,°C
Delhi,Temperature,2024-01-30,20.29,17.37,23.28,°C
Delhi,Temperature,2024-01-31,20.41,17.17,23.81,°C
Delhi,Temperature,2024-02-01,20.58,17.44,23.5,°C
Delhi,Temperature,2024-02-02,20.75,17.76,23.92,°C
Delhi,Temperature,2024-02-03,20.86,17.71,24.13,°C
Delhi,Temperature,2024-02-04,21.11,18.13,24.24,°C
Delhi,Temperature,2024-02-05,21.32,18.49,24.52,°C
Delhi,Temperature,2024-02-06,21.54,18.6,24.63,°C
Delhi,Temperature,2024-02-07,21.71,18.74,24.78,°C
Delhi,Temperature,2024-02-08,21.92,18.77,25.22,°C
Delhi,Temperature,2024-02-09,22.12,19.1,25.12,°C
Delhi,Temperature,2024-02-10,22.24,19.26,25.41,°C
Delhi,Temperature,2024-02-11,22.52,19.52,25.62,°C
Delhi,Temperature,2024-02-12,22.74,19.71,25.8,°C
Delhi,Temperature,2024-02-13,22.97,19.76,25.92,°C
Delhi,Temperature,2024-02-14,23.13,20.05,26.4,°C
Delhi,Temperature,2024-02-15,23.34,20.17,26.42,°C
Delhi,Temperature,2024-02-16,23.53,20.51,26.52,°C
Delhi,Temperature,2024-02-17,23.64,20.79,26.81,°C
Delhi,Temperature,2024-02-18,23.9,20.92,26.95,°C
Delhi,Temperature,2024-02-19,24.1,21.11,27.05,°C
Delhi,Temperature,2024-02-20,24.31,21.17,27.25,°C
Delhi,Temperature,2024-02-21,24.44,21.27,27.6,°C
Delhi,Temperature,2024-02-22,24.63,21.62,27.74,°C
Delhi,Temperature,2024-02-23,24.79,21.67,27.95,°C
Delhi,Temperature,2024-02-24,24.88,21.83,27.83,°C
Delhi,Temperature,2024-02-25,25.11,22.04,28.21,°C
Delhi,Temperature,2024-02-26,25.3,22.02,28.22,°C
Delhi,Temperature,2024-02-27,25.48,22.38,28.6,°C
Delhi,Temperature,2024-02-28,25.61,22.49,28.78,°C
Delhi,Temperature,2024-02-29,25.78,22.55,28.76,°C
Delhi,Temperature,2024-03-01,25.94,22.99,29.07,°C
Delhi,Temperature,2024-03-02,26.04,22.97,29.02,°C
Delhi,Temperature,2024-03-03,26.28,23.32,29.21,°C
Delhi,Temperature,2024-03-04,26.48,23.28,29.46,°C
Delhi,Temperature,2024-03-05,26.68,23.86,29.84,°C
Delhi,Temperature,2024-03-06,26.84,23.56,29.82,°C
Delhi,Temperature,2024-03-07,27.04,23.86,30.26,°C
Delhi,Temperature,2024-03-08,27.24,24.25,30.29,°C
Delhi,Temperature,2024-03-09,27.38,24.31,30.47,°C
Delhi,Temperature,2024-03-10,27.66,24.66,30.65,°C
Delhi,Temperature,2024-03-11,27.92,24.87,30.8,°C
Delhi,Temperature,2024-03-12,28.18,25.16,31.24,°C
Delhi,Temperature,2024-03-13,28.39,25.44,31.48,°C
Delhi,Temperature,2024-03-14,28.65,25.56,31.52,°C
Delhi,Temperature,2024-03-15,28.91,26.01,31.88,°C
Delhi,Temperature,2024-03-16,29.1,25.99,32.13,°C
Delhi,Temperature,2024-03-17,29.44,26.17,32.61,°C
Delhi,Temperature,2024-03-18,29.74,26.8,33.08,°C
Delhi,Temperature,2024-03-19,30.05,27.06,33.18,°C
Delhi,Temperature,2024-03-20,30.3,27.3,33.48,°C
Delhi,Temperature,2024-03-21,30.6,27.62,33.4,°C
Delhi,Temperature,2024-03-22,30.89,27.8,33.65,°C
Delhi,Temperature,2024-03-23,31.11,28.02,34.08,°C
Delhi,Temperature,2024-03-24,31.47,28.49,34.51,°C
Delhi,Temperature,2024-03-25,31.78,28.8,34.7,°C
Delhi,Temperature,2024-03-26,32.09,29.05,35.27,°C
Delhi,Temperature,2024-03-27,32.33,29.11,35.52,°C
Delhi,Temperature,2024-03-28,32.62,29.55,35.68,°C
Delhi,Temperature,2024-03-29,32.88,29.82,36.04,°C
Delhi,Temperature,2024-03-30,33.07,29.91,36.13,°C
Delhi,Rainfall,2024-01-01,0.6,0.0,5.85,mm
Delhi,Rainfall,2024-01-02,0.73,0.0,5.96,mm
Delhi,Rainfall,2024-01-03,0.77,0.0,5.67,mm
Delhi,Rainfall,2024-01-04,0.86,0.0,5.89,mm
Delhi,Rainfall,2024-01-05,1.08,0.0,6.47,mm
Delhi,Rainfall,2024-01-06,1.29,0.0,6.38,mm
Delhi,Rainfall,2024-01-07,1.01,0.0,6.51,mm
Delhi,Rainfall,2024-01-08,1.09,0.0,6.34,mm
Delhi,Rainfall,2024-01-09,1.22,0.0,6.41,mm
Delhi,Rainfall,2024-01-10,1.26,0.0,6.37,mm
Delhi,Rainfall,2024-01-11,1.34,0.0,6.24,mm
Delhi,Rainfall,2024-01-12,1.54,0.0,6.4,mm
Delhi,Rainfall,2024-01-13,1.73,0.0,6.99,mm
Delhi,Rainfall,2024-01-14,1.41,0.0,6.76,mm
Delhi,Rainfall,2024-01-15,1.46,0.0,6.72,mm
Delhi,Rainfall,2024-01-16,1.55,0.0,6.34,mm
Delhi,Rainfall,2024-01-17,1.54,0.0,6.47,mm
Delhi,Rainfall,2024-01-18,1.57,0.0,6.81,mm
Delhi,Rainfall,2024-01-19,1.72,0.0,6.51,mm
Delhi,Rainfall,2024-01-20,1.86,0.0,6.84,mm
Delhi,Rainfall,2024-01-21,1.49,0.0,6.64,mm
Delhi,Rainfall,2024-01-22,1.48,0.0,6.69,mm
Delhi,Rainfall,2024-01-23,1.52,0.0,6.28,mm
Delhi,Rainfall,2024-01-24,1.47,0.0,6.53,mm
Delhi,Rainfall,2024-01-25,1.46,0.0,6.15,mm
Delhi,Rainfall,2024-01-26,1.57,0.0,7.08,mm
Delhi,Rainfall,2024-01-27,1.67,0.0,6.76,mm
Delhi,Rainfall,2024-01-28,1.28,0.0,6.23,mm
Delhi,Rainfall,2024-01-29,1.25,0.0,6.18,mm
Delhi,Rainfall,2024-01-30,1.27,0.0,6.3,mm
Delhi,Rainfall,2024-01-31,1.21,0.0,6.22,mm
Delhi,Rainfall,2024-02-01,1.2,0.0,6.6,mm
Delhi,Rainfall,2024-02-02,1.31,0.0,6.49,mm
Delhi,Rainfall,2024-02-03,1.43,0.0,6.23,mm
Delhi,Rainfall,2024-02-04,1.05,0.0,6.19,mm
Delhi,Rainfall,2024-02-05,1.04,0.0,6.36,mm
Delhi,Rainfall,2024-02-06,1.09,0.0,6.26,mm
Delhi,Rainfall,2024-02-07,1.06,0.0,6.03,mm
Delhi,Rainfall,2024-02-08,1.08,0.0,6.28,mm
Delhi,Rainfall,2024-02-09,1.23,0.0,6.57,mm
Delhi,Rainfall,2024-02-10,1.38,0.0,6.6,mm
Delhi,Rainfall,2024-02-11,1.04,0.0,5.71,mm
Delhi,Rainfall,2024-02-12,1.07,0.0,5.94,mm
Delhi,Rainfall,2024-02-13,1.15,0.0,5.68,mm
Delhi,Rainfall,2024-02-14,1.15,0.0,6.48,mm
Delhi,Rainfall,2024-02-15,1.2,0.0,5.92,mm
Delhi,Rainfall,2024-02-16,1.38,0.0,6.53,mm
Delhi,Rainfall,2024-02-17,1.55,0.0,6.71,mm
Delhi,Rainfall,2024-02-18,1.22,0.0,6.57,mm
Delhi,Rainfall,2024-02-19,1.26,0.0,6.15,mm
Delhi,Rainfall,2024-02-20,1.35,0.0,6.46,mm
Delhi,Rainfall,2024-02-21,1.36,0.0,6.48,mm
Delhi,Rainfall,2024-02-22,1.4,0.0,6.23,mm
Delhi,Rainfall,2024-02-23,1.57,0.0,6.72,mm
Delhi,Rainfall,2024-02-24,1.72,0.0,6.73,mm
Delhi,Rainfall,2024-02-25,1.38,0.0,6.6,mm
Delhi,Rainfall,2024-02-26,1.4,0.0,6.59,mm
Delhi,Rainfall,2024-02-27,1.46,0.0,6.36,mm
Delhi,Rainfall,2024-02-28,1.44,0.0,6.67,mm
Delhi,Rainfall,2024-02-29,1.45,0.0,6.51,mm
Delhi,Rainfall,2024-03-01,1.59,0.0,6.79,mm
Delhi,Rainfall,2024-03-02,1.72,0.0,6.77,mm
Delhi,Rainfall,2024-03-03,1.35,0.0,6.84,mm
Delhi,Rainfall,2024-03-04,1.33,0.0,6.59,mm
Delhi,Rainfall,2024-03-05,1.37,0.0,6.85,mm
Delhi,Rainfall,2024-03-06,1.33,0.0,6.35,mm
Delhi,Rainfall,2024-03-07,1.31,0.0,6.17,mm
Delhi,Rainfall,2024-03-08,1.43,0.0,6.73,mm
Delhi,Rainfall,2024-03-09,1.54,0.0,6.82,mm
Delhi,Rainfall,2024-03-10,1.15,0.0,5.88,mm
Delhi,Rainfall,2024-03-11,1.13,0.0,5.9,mm
Delhi,Rainfall,2024-03-12,1.16,0.0,6.19,mm
Delhi,Rainfall,2024-03-13,1.11,0.0,6.27,mm
Delhi,Rainfall,2024-03-14,1.09,0.0,6.31,mm
Delhi,Rainfall,2024-03-15,1.21,0.0,5.97,mm
Delhi,Rainfall,2024-03-16,1.32,0.0,6.05,mm
Delhi,Rainfall,2024-03-17,0.95,0.0,5.54,mm
Delhi,Rainfall,2024-03-18,0.93,0.0,6.08,mm
Delhi,Rainfall,2024-03-19,0.97,0.0,6.01,mm
Delhi,Rainfall,2024-03-20,0.93,0.0,6.14,mm
Delhi,Rainfall,2024-03-21,0.92,0.0,6.25,mm
Delhi,Rainfall,2024-03-22,1.06,0.0,6.41,mm
Delhi,Rainfall,2024-03-23,1.18,0.0,6.51,mm
Delhi,Rainfall,2024-03-24,0.81,0.0,5.85,mm
Delhi,Rainfall,2024-03-25,0.8,0.0,5.85,mm
Delhi,Rainfall,2024-03-26,0.85,0.0,5.93,mm
Delhi,Rainfall,2024-03-27,0.82,0.0,5.72,mm
Delhi,Rainfall,2024-03-28,0.82,0.0,6.42,mm
Delhi,Rainfall,2024-03-29,0.96,0.0,6.06,mm
Delhi,Rainfall,2024-03-30,1.09,0.0,6.26,mm
Hyderabad,Temperature,2024-01-01,28.4,25.96,30.9,°C
Hyderabad,Temperature,2024-01-02,28.51,26.19,30.76,°C
Hyderabad,Temperature,2024-01-03,28.52,25.96,30.88,°C
Hyderabad,Temperature,2024-01-04,28.5,26.17,30.85,°C
Hyderabad,Temperature,2024-01-05,28.51,25.99,30.76,°C
Hyderabad,Temperature,2024-01-06,28.47,26.18,30.92,°C
Hyderabad,Temperature,2024-01-07,28.5,26.04,30.85,°C
Hyderabad,Temperature,2024-01-08,28.5,26.12,30.84,°C
Hyderabad,Temperature,2024-01-09,28.6,26.23,30.88,°C
Hyderabad,Temperature,2024-01-10,28.6,26.28,30.97,°C
Hyderabad,Temperature,2024-01-11,28.57,26.0,30.71,°C
Hyderabad,Temperature,2024-01-12,28.57,26.13,31.05,°C
Hyderabad,Temperature,2024-01-13,28.53,26.21,30.75,°C
Hyderabad,Temperature,2024-01-14,28.56,26.0,31.07,°C
Hyderabad,Temperature,2024-01-15,28.57,26.09,30.97,°C
Hyderabad,Temperature,2024-01-16,28.67,26.33,31.12,°C
Hyderabad,Temperature,2024-01-17,28.69,26.24,31.01,°C
Hyderabad,Temperature,2024-01-18,28.69,26.16,31.14,°C
Hyderabad,Temperature,2024-01-19,28.72,26.34,31.12,°C
Hyderabad,Temperature,2024-01-20,28.71,26.41,31.19,°C
Hyderabad,Temperature,2024-01-21,28.78,26.42,31.11,°C
Hyderabad,Temperature,2024-01-22,28.83,26.59,31.09,°C
Hyderabad,Temperature,2024-01-23,28.98,26.52,31.33,°C
Hyderabad,Temperature,2024-01-24,29.05,26.94,31.35,°C
Hyderabad,Temperature,2024-01-25,29.09,26.78,31.5,°C
Hyderabad,Temperature,2024-01-26,29.18,26.96,31.7,°C
Hyderabad,Temperature,2024-01-27,29.22,26.81,31.74,°C
Hyderabad,Temperature,2024-01-28,29.34,26.84,31.83,°C
Hyderabad,Temperature,2024-01-29,29.44,27.2,31.76,°C
Hyderabad,Temperature,2024-01-30,29.64,27.33,32.07,°C
Hyderabad,Temperature,2024-01-31,29.75,27.49,32.21,°C
Hyderabad,Temperature,2024-02-01,29.84,27.52,32.14,°C
Hyderabad,Temperature,2024-02-02,29.95,27.56,32.32,°C
Hyderabad,Temperature,2024-02-03,30.03,27.46,32.46,°C
Hyderabad,Temperature,2024-02-04,30.18,27.67,32.45,°C
Hyderabad,Temperature,2024-02-05,30.3,28.01,32.56,°C
Hyderabad,Temperature,2024-02-06,30.52,28.22,32.73,°C
Hyderabad,Temperature,2024-02-07,30.64,28.28,33.05,°C
Hyderabad,Temperature,2024-02-08,30.74,28.36,33.16,°C
Hyderabad,Temperature,2024-02-09,30.86,28.43,33.1,°C
Hyderabad,Temperature,2024-02-10,30.94,28.54,33.28,°C
Hyderabad,Temperature,2024-02-11,31.08,28.72,33.44,°C
Hyderabad,Temperature,2024-02-12,31.2,28.88,33.45,°C
Hyderabad,Temperature,2024-02-13,31.41,28.93,33.71,°C
Hyderabad,Temperature,2024-02-14,31.52,29.34,33.94,°C
Hyderabad,Temperature,2024-02-15,31.61,29.1,33.99,°C
Hyderabad,Temperature,2024-02-16,31.72,29.1,34.04,°C
Hyderabad,Temperature,2024-02-17,31.78,29.45,34.16,°C
Hyderabad,Temperature,2024-02-18,31.92,29.54,34.31,°C
Hyderabad,Temperature,2024-02-19,32.02,29.86,34.54,°C
Hyderabad,Temperature,2024-02-20,32.22,30.07,34.69,°C
Hyderabad,Temperature,2024-02-21,32.33,30.04,34.66,°C
Hyderabad,Temperature,2024-02-22,32.41,30.15,34.69,°C
Hyderabad,Temperature,2024-02-23,32.52,30.12,35.0,°C
Hyderabad,Temperature,2024-02-24,32.58,30.07,34.95,°C
Hyderabad,Temperature,2024-02-25,32.71,30.49,35.23,°C
Hyderabad,Temperature,2024-02-26,32.82,30.54,35.14,°C
Hyderabad,Temperature,2024-02-27,33.02,30.7,35.49,°C
Hyderabad,Temperature,2024-02-28,33.13,30.67,35.44,°C
Hyderabad,Temperature,2024-02-29,33.22,30.79,35.35,°C
Hyderabad,Temperature,2024-03-01,33.33,30.91,35.88,°C
Hyderabad,Temperature,2024-03-02,33.4,30.81,35.71,°C
Hyderabad,Temperature,2024-03-03,33.55,31.29,36.02,°C
Hyderabad,Temperature,2024-03-04,33.66,31.27,36.21,°C
Hyderabad,Temperature,2024-03-05,33.87,31.4,36.14,°C
Hyderabad,Temperature,2024-03-06,33.99,31.57,36.2,°C
Hyderabad,Temperature,2024-03-07,34.08,31.65,36.46,°C
Hyderabad,Temperature,2024-03-08,34.19,31.83,36.61,°C
Hyderabad,Temperature,2024-03-09,34.26,31.86,36.71,°C
Hyderabad,Temperature,2024-03-10,34.41,32.0,36.79,°C
Hyderabad,Temperature,2024-03-11,34.52,32.04,36.88,°C
Hyderabad,Temperature,2024-03-12,34.73,32.41,37.08,°C
Hyderabad,Temperature,2024-03-13,34.84,32.45,37.07,°C
Hyderabad,Temperature,2024-03-14,34.92,32.52,37.18,°C
Hyderabad,Temperature,2024-03-15,35.03,32.8,37.55,°C
Hyderabad,Temperature,2024-03-16,35.09,32.89,37.6,°C
Hyderabad,Temperature,2024-03-17,35.23,32.69,37.57,°C
Hyderabad,Temperature,2024-03-18,35.33,32.87,37.82,°C
Hyderabad,Temperature,2024-03-19,35.53,33.11,37.87,°C
Hyderabad,Temperature,2024-03-20,35.63,33.07,37.99,°C
Hyderabad,Temperature,2024-03-21,35.71,33.18,38.04,°C
Hyderabad,Temperature,2024-03-22,35.81,33.28,38.38,°C
Hyderabad,Temperature,2024-03-23,35.86,33.45,38.32,°C
Hyderabad,Temperature,2024-03-24,35.99,33.67,38.43,°C
Hyderabad,Temperature,2024-03-25,36.08,33.64,38.33,°C
Hyderabad,Temperature,2024-03-26,36.27,33.95,38.6,°C
Hyderabad,Temperature,2024-03-27,36.37,33.84,38.7,°C
Hyderabad,Temperature,2024-03-28,36.43,34.02,38.84,°C
Hyderabad,Temperature,2024-03-29,36.52,34.18,39.14,°C
Hyderabad,Temperature,2024-03-30,36.56,34.31,38.95,°C
Hyderabad,Rainfall,2024-01-01,0.17,0.0,6.22,mm
Hyderabad,Rainfall,2024-01-02,0.35,0.0,5.97,mm
Hyderabad,Rainfall,2024-01-03,0.44,0.0,6.22,mm
Hyderabad,Rainfall,2024-01-04,0.32,0.0,6.39,mm
Hyderabad,Rainfall,2024-01-05,0.41,0.0,6.61,mm
Hyderabad,Rainfall,2024-01-06,0.4,0.0,6.42,mm
Hyderabad,Rainfall,2024-01-07,0.59,0.0,6.34,mm
Hyderabad,Rainfall,2024-01-08,0.44,0.0,6.42,mm
Hyderabad,Rainfall,2024-01-09,0.65,0.0,6.75,mm
Hyderabad,Rainfall,2024-01-10,0.75,0.0,6.79,mm
Hyderabad,Rainfall,2024-01-11,0.64,0.0,6.88,mm
Hyderabad,Rainfall,2024-01-12,0.72,0.0,6.24,mm
Hyderabad,Rainfall,2024-01-13,0.71,0.0,6.38,mm
Hyderabad,Rainfall,2024-01-14,0.88,0.0,6.8,mm
Hyderabad,Rainfall,2024-01-15,0.7,0.0,6.35,mm
Hyderabad,Rainfall,2024-01-16,0.87,0.0,6.93,mm
Hyderabad,Rainfall,2024-01-17,0.94,0.0,6.06,mm
Hyderabad,Rainfall,2024-01-18,0.78,0.0,6.62,mm
Hyderabad,Rainfall,2024-01-19,0.81,0.0,6.65,mm
Hyderabad,Rainfall,2024-01-20,0.75,0.0,6.67,mm
Hyderabad,Rainfall,2024-01-21,0.87,0.0,6.55,mm
Hyderabad,Rainfall,2024-01-22,0.64,0.0,6.45,mm
Hyderabad,Rainfall,2024-01-23,0.77,0.0,6.87,mm
Hyderabad,Rainfall,2024-01-24,0.79,0.0,6.74,mm
Hyderabad,Rainfall,2024-01-25,0.6,0.0,6.96,mm
Hyderabad,Rainfall,2024-01-26,0.6,0.0,6.47,mm
Hyderabad,Rainfall,2024-01-27,0.51,0.0,6.73,mm
Hyderabad,Rainfall,2024-01-28,0.61,0.0,6.29,mm
Hyderabad,Rainfall,2024-01-29,0.38,0.0,6.43,mm
Hyderabad,Rainfall,2024-01-30,0.5,0.0,6.62,mm
Hyderabad,Rainfall,2024-01-31,0.53,0.0,6.7,mm
Hyderabad,Rainfall,2024-02-01,0.35,0.0,6.34,mm
Hyderabad,Rainfall,2024-02-02,0.38,0.0,6.49,mm
Hyderabad,Rainfall,2024-02-03,0.32,0.0,6.32,mm
Hyderabad,Rainfall,2024-02-04,0.45,0.0,6.26,mm
Hyderabad,Rainfall,2024-02-05,0.26,0.0,6.35,mm
Hyderabad,Rainfall,2024-02-06,0.42,0.0,6.05,mm
Hyderabad,Rainfall,2024-02-07,0.5,0.0,6.21,mm
Hyderabad,Rainfall,2024-02-08,0.36,0.0,6.2,mm
Hyderabad,Rainfall,2024-02-09,0.43,0.0,6.45,mm
Hyderabad,Rainfall,2024-02-10,0.41,0.0,5.98,mm
Hyderabad,Rainfall,2024-02-11,0.58,0.0,6.75,mm
Hyderabad,Rainfall,2024-02-12,0.42,0.0,6.37,mm
Hyderabad,Rainfall,2024-02-13,0.61,0.0,6.71,mm
Hyderabad,Rainfall,2024-02-14,0.71,0.0,6.5,mm
Hyderabad,Rainfall,2024-02-15,0.59,0.0,6.44,mm
Hyderabad,Rainfall,2024-02-16,0.66,0.0,6.64,mm
Hyderabad,Rainfall,2024-02-17,0.64,0.0,6.86,mm
Hyderabad,Rainfall,2024-02-18,0.8,0.0,6.75,mm
Hyderabad,Rainfall,2024-02-19,0.62,0.0,6.48,mm
Hyderabad,Rainfall,2024-02-20,0.8,0.0,6.61,mm
Hyderabad,Rainfall,2024-02-21,0.87,0.0,6.91,mm
Hyderabad,Rainfall,2024-02-22,0.71,0.0,6.66,mm
Hyderabad,Rainfall,2024-02-23,0.75,0.0,6.85,mm
Hyderabad,Rainfall,2024-02-24,0.7,0.0,6.5,mm
Hyderabad,Rainfall,2024-02-25,0.82,0.0,6.75,mm
Hyderabad,Rainfall,2024-02-26,0.61,0.0,6.31,mm
Hyderabad,Rainfall,2024-02-27,0.74,0.0,6.86,mm
Hyderabad,Rainfall,2024-02-28,0.78,0.0,6.98,mm
Hyderabad,Rainfall,2024-02-29,0.6,0.0,6.59,mm
Hyderabad,Rainfall,2024-03-01,0.62,0.0,6.11,mm
Hyderabad,Rainfall,2024-03-02,0.54,0.0,6.15,mm
Hyderabad,Rainfall,2024-03-03,0.66,0.0,6.53,mm
Hyderabad,Rainfall,2024-03-04,0.44,0.0,6.34,mm
Hyderabad,Rainfall,2024-03-05,0.58,0.0,6.44,mm
Hyderabad,Rainfall,2024-03-06,0.63,0.0,6.73,mm
Hyderabad,Rainfall,2024-03-07,0.46,0.0,6.03,mm
Hyderabad,Rainfall,2024-03-08,0.5,0.0,6.6,mm
Hyderabad,Rainfall,2024-03-09,0.45,0.0,6.53,mm
Hyderabad,Rainfall,2024-03-10,0.6,0.0,6.43,mm
Hyderabad,Rainfall,2024-03-11,0.42,0.0,6.19,mm
Hyderabad,Rainfall,2024-03-12,0.59,0.0,6.97,mm
Hyderabad,Rainfall,2024-03-13,0.68,0.0,6.85,mm
Hyderabad,Rainfall,2024-03-14,0.55,0.0,6.57,mm
Hyderabad,Rainfall,2024-03-15,0.62,0.0,6.38,mm
Hyderabad,Rainfall,2024-03-16,0.61,0.0,6.47,mm
Hyderabad,Rainfall,2024-03-17,0.78,0.0,6.61,mm
Hyderabad,Rainfall,2024-03-18,0.61,0.0,6.24,mm
Hyderabad,Rainfall,2024-03-19,0.81,0.0,6.62,mm
Hyderabad,Rainfall,2024-03-20,0.9,0.0,6.92,mm
Hyderabad,Rainfall,2024-03-21,0.77,0.0,6.98,mm
Hyderabad,Rainfall,2024-03-22,0.83,0.0,7.38,mm
Hyderabad,Rainfall,2024-03-23,0.8,0.0,7.06,mm
Hyderabad,Rainfall,2024-03-24,0.96,0.0,6.99,mm
Hyderabad,Rainfall,2024-03-25,0.76,0.0,6.48,mm
Hyderabad,Rainfall,2024-03-26,0.92,0.0,6.92,mm
Hyderabad,Rainfall,2024-03-27,0.97,0.0,7.03,mm
Hyderabad,Rainfall,2024-03-28,0.8,0.0,6.72,mm
Hyderabad,Rainfall,2024-03-29,0.83,0.0,7.43,mm
Hyderabad,Rainfall,2024-03-30,0.76,0.0,6.6,mm
Jaipur,Temperature,2024-01-01,20.69,17.64,23.96,°C
Jaipur,Temperature,2024-01-02,20.67,17.58,23.71,°C
Jaipur,Temperature,2024-01-03,20.56,17.54,23.53,°C
Jaipur,Temperature,2024-01-04,20.5,17.22,23.53,°C
Jaipur,Temperature,2024-01-05,20.47,17.17,23.71,°C
Jaipur,Temperature,2024-01-06,20.45,17.54,23.58,°C
Jaipur,Temperature,2024-01-07,20.4,17.24,23.54,°C
Jaipur,Temperature,2024-01-08,20.42,17.2,23.43,°C
Jaipur,Temperature,2024-01-09,20.45,17.26,23.57,°C
Jaipur,Temperature,2024-01-10,20.38,17.38,23.49,°C
Jaipur,Temperature,2024-01-11,20.36,17.21,23.4,°C
Jaipur,Temperature,2024-01-12,20.37,17.32,23.29,°C
Jaipur,Temperature,2024-01-13,20.4,17.23,23.23,°C
Jaipur,Temperature,2024-01-14,20.39,17.31,23.33,°C
Jaipur,Temperature,2024-01-15,20.45,17.51,23.49,°C
Jaipur,Temperature,2024-01-16,20.52,17.42,23.68,°C
Jaipur,Temperature,2024-01-17,20.5,17.55,23.47,°C
Jaipur,Temperature,2024-01-18,20.53,17.53,23.59,°C
Jaipur,Temperature,2024-01-19,20.59,17.67,23.47,°C
Jaipur,Temperature,2024-01-20,20.67,17.63,23.8,°C
Jaipur,Temperature,2024-01-21,20.71,17.46,23.7,°C
Jaipur,Temperature,2024-01-22,20.84,17.99,23.91,°C
Jaipur,Temperature,2024-01-23,20.97,17.75,23.99,°C
Jaipur,Temperature,2024-01-24,21.02,17.89,24.07,°C
Jaipur,Temperature,2024-01-25,21.11,17.88,24.26,°C
Jaipur,Temperature,2024-01-26,21.25,17.97,24.29,°C
Jaipur,Temperature,2024-01-27,21.4,18.32,24.58,°C
Jaipur,Temperature,2024-01-28,21.53,18.42,24.71,°C
Jaipur,Temperature,2024-01-29,21.73,18.72,24.78,°C
Jaipur,Temperature,2024-01-30,21.94,19.09,24.85,°C
Jaipur,Temperature,2024-01-31,22.07,19.1,25.1,°C
Jaipur,Temperature,2024-02-01,22.24,19.16,25.27,°C
Jaipur,Temperature,2024-02-02,22.45,19.37,25.74,°C
Jaipur,Temperature,2024-02-03,22.67,19.78,25.83,°C
Jaipur,Temperature,2024-02-04,22.86,19.64,25.81,°C
Jaipur,Temperature,2024-02-05,23.12,20.0,26.43,°C
Jaipur,Temperature,2024-02-06,23.39,20.32,26.47,°C
Jaipur,Temperature,2024-02-07,23.56,20.65,26.69,°C
Jaipur,Temperature,2024-02-08,23.77,20.88,26.64,°C
Jaipur,Temperature,2024-02-09,24.01,20.75,26.86,°C
Jaipur,Temperature,2024-02-10,24.25,21.17,27.41,°C
Jaipur,Temperature,2024-02-11,24.45,21.33,27.53,°C
Jaipur,Temperature,2024-02-12,24.71,21.57,27.54,°C
Jaipur,Temperature,2024-02-13,24.97,21.91,28.44,°C
Jaipur,Temperature,2024-02-14,25.12,21.79,28.12,°C
Jaipur,Temperature,2024-02-15,25.3,22.31,28.31,°C
Jaipur,Temperature,2024-02-16,25.51,22.52,28.69,°C
Jaipur,Temperature,2024-02-17,25.71,22.49,28.87,°C
Jaipur,Temperature,2024-02-18,25.87,22.81,29.08,°C
Jaipur,Temperature,2024-02-19,26.08,23.08,29.16,°C
Jaipur,Temperature,2024-02-20,26.28,23.3,29.49,°C
Jaipur,Temperature,2024-02-21,26.38,23.15,29.37,°C
Jaipur,Temperature,2024-02-22,26.51,23.5,29.67,°C
Jaipur,Temperature,2024-02-23,26.66,23.58,29.5,°C
Jaipur,Temperature,2024-02-24,26.82,23.66,29.77,°C
Jaipur,Temperature,2024-02-25,26.93,23.87,30.07,°C
Jaipur,Temperature,2024-02-26,27.1,24.11,30.2,°C
Jaipur,Temperature,2024-02-27,27.27,24.18,30.35,°C
Jaipur,Temperature,2024-02-28,27.35,24.53,30.48,°C
Jaipur,Temperature,2024-02-29,27.46,24.46,30.57,°C
Jaipur,Temperature,2024-03-01,27.61,24.6,30.84,°C
Jaipur,Temperature,2024-03-02,27.77,24.61,30.95,°C
Jaipur,Temperature,2024-03-03,27.89,25.18,30.91,°C
Jaipur,Temperature,2024-03-04,28.09,24.83,31.2,°C
Jaipur,Temperature,2024-03-05,28.31,25.12,31.28,°C
Jaipur,Temperature,2024-03-06,28.43,25.31,31.41,°C
Jaipur,Temperature,2024-03-07,28.6,25.52,31.56,°C
Jaipur,Temperature,2024-03-08,28.81,25.61,31.85,°C
Jaipur,Temperature,2024-03-09,29.04,25.81,32.01,°C
Jaipur,Temperature,2024-03-10,29.25,25.94,32.16,°C
Jaipur,Temperature,2024-03-11,29.53,26.41,32.5,°C
Jaipur,Temperature,2024-03-12,29.82,26.82,33.19,°C
Jaipur,Temperature,2024-03-13,30.03,26.96,33.19,°C
Jaipur,Temperature,2024-03-14,30.28,27.43,33.19,°C
Jaipur,Temperature,2024-03-15,30.57,27.24,33.89,°C
Jaipur,Temperature,2024-03-16,30.88,27.94,34.09,°C
Jaipur,Temperature,2024-03-17,31.15,28.11,34.18,°C
Jaipur,Temperature,2024-03-18,31.49,28.28,34.45,°C
Jaipur,Temperature,2024-03-19,31.83,28.82,35.11,°C
Jaipur,Temperature,2024-03-20,32.08,29.0,35.11,°C
Jaipur,Temperature,2024-03-21,32.36,29.27,35.57,°C
Jaipur,Temperature,2024-03-22,32.66,29.53,35.81,°C
Jaipur,Temperature,2024-03-23,32.97,29.79,35.94,°C
Jaipur,Temperature,2024-03-24,33.23,29.85,36.25,°C
Jaipur,Temperature,2024-03-25,33.55,30.57,36.8,°C
Jaipur,Temperature,2024-03-26,33.86,30.79,36.69,°C
Jaipur,Temperature,2024-03-27,34.05,30.96,37.3,°C
Jaipur,Temperature,2024-03-28,34.27,31.2,37.25,°C
Jaipur,Temperature,2024-03-29,34.51,31.68,37.59,°C
Jaipur,Temperature,2024-03-30,34.74,31.63,37.73,°C
Jaipur,Rainfall,2024-01-01,0.41,0.0,5.5,mm
Jaipur,Rainfall,2024-01-02,0.33,0.0,5.29,mm
Jaipur,Rainfall,2024-01-03,0.41,0.0,5.25,mm
Jaipur,Rainfall,2024-01-04,0.29,0.0,5.12,mm
Jaipur,Rainfall,2024-01-05,0.35,0.0,5.19,mm
Jaipur,Rainfall,2024-01-06,0.5,0.0,5.3,mm
Jaipur,Rainfall,2024-01-07,0.39,0.0,4.69,mm
Jaipur,Rainfall,2024-01-08,0.39,0.0,5.12,mm
Jaipur,Rainfall,2024-01-09,0.32,0.0,5.21,mm
Jaipur,Rainfall,2024-01-10,0.4,0.0,5.16,mm
Jaipur,Rainfall,2024-01-11,0.29,0.0,5.0,mm
Jaipur,Rainfall,2024-01-12,0.36,0.0,5.26,mm
Jaipur,Rainfall,2024-01-13,0.52,0.0,4.86,mm
Jaipur,Rainfall,2024-01-14,0.42,0.0,5.35,mm
Jaipur,Rainfall,2024-01-15,0.44,0.0,4.78,mm
Jaipur,Rainfall,2024-01-16,0.37,0.0,5.11,mm
Jaipur,Rainfall,2024-01-17,0.46,0.0,4.94,mm
Jaipur,Rainfall,2024-01-18,0.36,0.0,4.9,mm
Jaipur,Rainfall,2024-01-19,0.44,0.0,5.18,mm
Jaipur,Rainfall,2024-01-20,0.61,0.0,5.51,mm
Jaipur,Rainfall,2024-01-21,0.51,0.0,5.29,mm
Jaipur,Rainfall,2024-01-22,0.53,0.0,5.18,mm
Jaipur,Rainfall,2024-01-23,0.47,0.0,5.2,mm
Jaipur,Rainfall,2024-01-24,0.55,0.0,5.34,mm
Jaipur,Rainfall,2024-01-25,0.44,0.0,5.45,mm
Jaipur,Rainfall,2024-01-26,0.51,0.0,5.06,mm
Jaipur,Rainfall,2024-01-27,0.66,0.0,5.29,mm
Jaipur,Rainfall,2024-01-28,0.54,0.0,5.21,mm
Jaipur,Rainfall,2024-01-29,0.54,0.0,5.22,mm
Jaipur,Rainfall,2024-01-30,0.46,0.0,5.32,mm
Jaipur,Rainfall,2024-01-31,0.52,0.0,5.09,mm
Jaipur,Rainfall,2024-02-01,0.39,0.0,5.23,mm
Jaipur,Rainfall,2024-02-02,0.43,0.0,5.39,mm
Jaipur,Rainfall,2024-02-03,0.56,0.0,5.41,mm
Jaipur,Rainfall,2024-02-04,0.43,0.0,5.1,mm
Jaipur,Rainfall,2024-02-05,0.41,0.0,5.47,mm
Jaipur,Rainfall,2024-02-06,0.31,0.0,5.06,mm
Jaipur,Rainfall,2024-02-07,0.37,0.0,5.07,mm
Jaipur,Rainfall,2024-02-08,0.23,0.0,4.96,mm
Jaipur,Rainfall,2024-02-09,0.27,0.0,5.03,mm
Jaipur,Rainfall,2024-02-10,0.4,0.0,5.46,mm
Jaipur,Rainfall,2024-02-11,0.28,0.0,4.82,mm
Jaipur,Rainfall,2024-02-12,0.28,0.0,4.74,mm
Jaipur,Rainfall,2024-02-13,0.19,0.0,5.2,mm
Jaipur,Rainfall,2024-02-14,0.27,0.0,5.17,mm
Jaipur,Rainfall,2024-02-15,0.15,0.0,4.75,mm
Jaipur,Rainfall,2024-02-16,0.22,0.0,4.87,mm
Jaipur,Rainfall,2024-02-17,0.38,0.0,5.13,mm
Jaipur,Rainfall,2024-02-18,0.29,0.0,5.23,mm
Jaipur,Rainfall,2024-02-19,0.31,0.0,5.07,mm
Jaipur,Rainfall,2024-02-20,0.26,0.0,5.12,mm
Jaipur,Rainfall,2024-02-21,0.36,0.0,4.9,mm
Jaipur,Rainfall,2024-02-22,0.27,0.0,5.14,mm
Jaipur,Rainfall,2024-02-23,0.36,0.0,5.1,mm
Jaipur,Rainfall,2024-02-24,0.54,0.0,5.25,mm
Jaipur,Rainfall,2024-02-25,0.46,0.0,5.66,mm
Jaipur,Rainfall,2024-02-26,0.5,0.0,5.14,mm
Jaipur,Rainfall,2024-02-27,0.45,0.0,4.79,mm
Jaipur,Rainfall,2024-02-28,0.55,0.0,5.59,mm
Jaipur,Rainfall,2024-02-29,0.46,0.0,5.13,mm
Jaipur,Rainfall,2024-03-01,0.54,0.0,5.08,mm
Jaipur,Rainfall,2024-03-02,0.7,0.0,5.41,mm
Jaipur,Rainfall,2024-03-03,0.6,0.0,5.65,mm
Jaipur,Rainfall,2024-03-04,0.62,0.0,5.27,mm
Jaipur,Rainfall,2024-03-05,0.54,0.0,4.98,mm
Jaipur,Rainfall,2024-03-06,0.61,0.0,5.29,mm
Jaipur,Rainfall,2024-03-07,0.49,0.0,5.3,mm
Jaipur,Rainfall,2024-03-08,0.53,0.0,5.52,mm
Jaipur,Rainfall,2024-03-09,0.67,0.0,4.94,mm
Jaipur,Rainfall,2024-03-10,0.54,0.0,5.45,mm
Jaipur,Rainfall,2024-03-11,0.52,0.0,5.36,mm
Jaipur,Rainfall,2024-03-12,0.42,0.0,5.19,mm
Jaipur,Rainfall,2024-03-13,0.46,0.0,4.9,mm
Jaipur,Rainfall,2024-03-14,0.32,0.0,5.34,mm
Jaipur,Rainfall,2024-03-15,0.35,0.0,4.88,mm
Jaipur,Rainfall,2024-03-16,0.47,0.0,4.91,mm
Jaipur,Rainfall,2024-03-17,0.33,0.0,5.18,mm
Jaipur,Rainfall,2024-03-18,0.32,0.0,4.96,mm
Jaipur,Rainfall,2024-03-19,0.22,0.0,5.26,mm
Jaipur,Rainfall,2024-03-20,0.27,0.0,4.82,mm
Jaipur,Rainfall,2024-03-21,0.14,0.0,4.73,mm
Jaipur,Rainfall,2024-03-22,0.19,0.0,5.1,mm
Jaipur,Rainfall,2024-03-23,0.34,0.0,4.91,mm
Jaipur,Rainfall,2024-03-24,0.23,0.0,5.02,mm
Jaipur,Rainfall,2024-03-25,0.24,0.0,4.87,mm
Jaipur,Rainfall,2024-03-26,0.17,0.0,5.03,mm
Jaipur,Rainfall,2024-03-27,0.25,0.0,4.97,mm
Jaipur,Rainfall,2024-03-28,0.15,0.0,5.11,mm
Jaipur,Rainfall,2024-03-29,0.23,0.0,5.19,mm
Jaipur,Rainfall,2024-03-30,0.4,0.0,5.09,mm
Kolkata,Temperature,2024-01-01,25.17,22.68,27.52,°C
Kolkata,Temperature,2024-01-02,25.26,22.84,27.8,°C
Kolkata,Temperature,2024-01-03,25.21,22.89,27.46,°C
Kolkata,Temperature,2024-01-04,25.22,22.98,27.67,°C
Kolkata,Temperature,2024-01-05,25.22,22.82,27.55,°C
Kolkata,Temperature,2024-01-06,25.22,22.86,27.46,°C
Kolkata,Temperature,2024-01-07,25.25,23.02,27.64,°C
Kolkata,Temperature,2024-01-08,25.23,22.78,27.59,°C
Kolkata,Temperature,2024-01-09,25.36,22.99,27.8,°C
Kolkata,Temperature,2024-01-10,25.34,22.99,27.85,°C
Kolkata,Temperature,2024-01-11,25.39,22.93,27.71,°C
Kolkata,Temperature,2024-01-12,25.42,23.07,27.77,°C
Kolkata,Temperature,2024-01-13,25.45,23.15,27.93,°C
Kolkata,Temperature,2024-01-14,25.51,23.25,27.79,°C
Kolkata,Temperature,2024-01-15,25.53,23.17,27.89,°C
Kolkata,Temperature,2024-01-16,25.68,23.4,28.29,°C
Kolkata,Temperature,2024-01-17,25.7,23.28,27.95,°C
Kolkata,Temperature,2024-01-18,25.78,23.51,28.23,°C
Kolkata,Temperature,2024-01-19,25.84,23.29,28.21,°C
Kolkata,Temperature,2024-01-20,25.9,23.41,28.17,°C
Kolkata,Temperature,2024-01-21,26.0,23.6,28.51,°C
Kolkata,Temperature,2024-01-22,26.05,23.63,28.58,°C
Kolkata,Temperature,2024-01-23,26.24,23.86,28.84,°C
Kolkata,Temperature,2024-01-24,26.3,23.71,28.64,°C
Kolkata,Temperature,2024-01-25,26.41,24.02,28.8,°C
Kolkata,Temperature,2024-01-26,26.52,24.2,28.87,°C
Kolkata,Temperature,2024-01-27,26.62,24.31,29.08,°C
Kolkata,Temperature,2024-01-28,26.76,24.23,29.08,°C
Kolkata,Temperature,2024-01-29,26.85,24.44,29.43,°C
Kolkata,Temperature,2024-01-30,27.08,24.56,29.45,°C
Kolkata,Temperature,2024-01-31,27.18,24.93,29.47,°C
Kolkata,Temperature,2024-02-01,27.34,25.02,29.65,°C
Kolkata,Temperature,2024-02-02,27.49,25.27,29.76,°C
Kolkata,Temperature,2024-02-03,27.63,25.43,30.12,°C
Kolkata,Temperature,2024-02-04,27.81,25.51,30.18,°C
Kolkata,Temperature,2024-02-05,27.93,25.59,30.17,°C
Kolkata,Temperature,2024-02-06,28.2,25.85,30.59,°C
Kolkata,Temperature,2024-02-07,28.33,25.93,30.74,°C
Kolkata,Temperature,2024-02-08,28.52,26.02,31.1,°C
Kolkata,Temperature,2024-02-09,28.7,26.22,31.21,°C
Kolkata,Temperature,2024-02-10,28.86,26.42,31.19,°C
Kolkata,Temperature,2024-02-11,29.06,26.81,31.53,°C
Kolkata,Temperature,2024-02-12,29.21,26.91,31.69,°C
Kolkata,Temperature,2024-02-13,29.49,27.05,31.8,°C
Kolkata,Temperature,2024-02-14,29.63,27.32,32.07,°C
Kolkata,Temperature,2024-02-15,29.83,27.42,32.1,°C
Kolkata,Temperature,2024-02-16,30.01,27.55,32.32,°C
Kolkata,Temperature,2024-02-17,30.18,27.89,32.56,°C
Kolkata,Temperature,2024-02-18,30.37,27.89,32.78,°C
Kolkata,Temperature,2024-02-19,30.51,28.16,33.09,°C
Kolkata,Temperature,2024-02-20,30.78,28.34,33.13,°C
Kolkata,Temperature,2024-02-21,30.91,28.65,33.2,°C
Kolkata,Temperature,2024-02-22,31.09,28.61,33.53,°C
Kolkata,Temperature,2024-02-23,31.25,28.94,33.57,°C
Kolkata,Temperature,2024-02-24,31.39,29.02,33.77,°C
Kolkata,Temperature,2024-02-25,31.56,29.07,33.95,°C
Kolkata,Temperature,2024-02-26,31.67,29.5,33.97,°C
Kolkata,Temperature,2024-02-27,31.92,29.35,34.23,°C
Kolkata,Temperature,2024-02-28,32.02,29.5,34.36,°C
Kolkata,Temperature,2024-02-29,32.17,29.81,34.5,°C
Kolkata,Temperature,2024-03-01,32.3,29.92,34.53,°C
Kolkata,Temperature,2024-03-02,32.42,30.16,34.76,°C
Kolkata,Temperature,2024-03-03,32.56,30.24,34.89,°C
Kolkata,Temperature,2024-03-04,32.65,30.12,35.13,°C
Kolkata,Temperature,2024-03-05,32.87,30.48,35.43,°C
Kolkata,Temperature,2024-03-06,32.95,30.73,35.32,°C
Kolkata,Temperature,2024-03-07,33.08,30.72,35.59,°C
Kolkata,Temperature,2024-03-08,33.19,30.68,35.53,°C
Kolkata,Temperature,2024-03-09,33.3,30.74,35.78,°C
Kolkata,Temperature,2024-03-10,33.43,31.09,35.89,°C
Kolkata,Temperature,2024-03-11,33.51,31.05,35.88,°C
Kolkata,Temperature,2024-03-12,33.72,31.43,36.15,°C
Kolkata,Temperature,2024-03-13,33.79,31.44,36.27,°C
Kolkata,Temperature,2024-03-14,33.93,31.41,36.46,°C
Kolkata,Temperature,2024-03-15,34.04,31.53,36.49,°C
Kolkata,Temperature,2024-03-16,34.14,31.75,36.54,°C
Kolkata,Temperature,2024-03-17,34.28,31.98,36.57,°C
Kolkata,Temperature,2024-03-18,34.36,31.92,36.89,°C
Kolkata,Temperature,2024-03-19,34.58,32.29,36.89,°C
Kolkata,Temperature,2024-03-20,34.66,32.38,37.15,°C
Kolkata,Temperature,2024-03-21,34.8,32.34,37.34,°C
Kolkata,Temperature,2024-03-22,34.91,32.33,37.16,°C
Kolkata,Temperature,2024-03-23,35.02,32.54,37.5,°C
Kolkata,Temperature,2024-03-24,35.16,32.85,37.54,°C
Kolkata,Temperature,2024-03-25,35.24,32.92,37.67,°C
Kolkata,Temperature,2024-03-26,35.46,33.08,38.0,°C
Kolkata,Temperature,2024-03-27,35.54,33.04,37.87,°C
Kolkata,Temperature,2024-03-28,35.67,33.16,38.0,°C
Kolkata,Temperature,2024-03-29,35.77,33.52,38.25,°C
Kolkata,Temperature,2024-03-30,35.87,33.48,38.11,°C
Kolkata,Rainfall,2024-01-01,1.09,0.0,9.33,mm
Kolkata,Rainfall,2024-01-02,0.94,0.0,10.55,mm
Kolkata,Rainfall,2024-01-03,1.57,0.0,11.03,mm
Kolkata,Rainfall,2024-01-04,1.17,0.0,10.73,mm
Kolkata,Rainfall,2024-01-05,1.26,0.0,10.8,mm
Kolkata,Rainfall,2024-01-06,1.14,0.0,9.97,mm
Kolkata,Rainfall,2024-01-07,1.07,0.0,10.06,mm
Kolkata,Rainfall,2024-01-08,1.13,0.0,10.53,mm
Kolkata,Rainfall,2024-01-09,0.98,0.0,10.72,mm
Kolkata,Rainfall,2024-01-10,1.61,0.0,10.28,mm
Kolkata,Rainfall,2024-01-11,1.21,0.0,9.61,mm
Kolkata,Rainfall,2024-01-12,1.29,0.0,10.6,mm
Kolkata,Rainfall,2024-01-13,1.16,0.0,10.59,mm
Kolkata,Rainfall,2024-01-14,1.08,0.0,10.15,mm
Kolkata,Rainfall,2024-01-15,1.13,0.0,9.82,mm
Kolkata,Rainfall,2024-01-16,0.97,0.0,10.17,mm
Kolkata,Rainfall,2024-01-17,1.58,0.0,10.26,mm
Kolkata,Rainfall,2024-01-18,1.17,0.0,9.68,mm
Kolkata,Rainfall,2024-01-19,1.24,0.0,10.28,mm
Kolkata,Rainfall,2024-01-20,1.1,0.0,10.27,mm
Kolkata,Rainfall,2024-01-21,1.0,0.0,9.6,mm
Kolkata,Rainfall,2024-01-22,1.05,0.0,9.64,mm
Kolkata,Rainfall,2024-01-23,0.87,0.0,9.12,mm
Kolkata,Rainfall,2024-01-24,1.48,0.0,10.88,mm
Kolkata,Rainfall,2024-01-25,1.06,0.0,9.67,mm
Kolkata,Rainfall,2024-01-26,1.13,0.0,9.67,mm
Kolkata,Rainfall,2024-01-27,0.98,0.0,9.88,mm
Kolkata,Rainfall,2024-01-28,0.88,0.0,10.09,mm
Kolkata,Rainfall,2024-01-29,0.93,0.0,9.61,mm
Kolkata,Rainfall,2024-01-30,0.76,0.0,9.61,mm
Kolkata,Rainfall,2024-01-31,1.38,0.0,10.29,mm
Kolkata,Rainfall,2024-02-01,0.98,0.0,10.08,mm
Kolkata,Rainfall,2024-02-02,1.07,0.0,9.24,mm
Kolkata,Rainfall,2024-02-03,0.94,0.0,9.45,mm
Kolkata,Rainfall,2024-02-04,0.87,0.0,10.09,mm
Kolkata,Rainfall,2024-02-05,0.95,0.0,9.67,mm
Kolkata,Rainfall,2024-02-06,0.81,0.0,9.68,mm
Kolkata,Rainfall,2024-02-07,1.46,0.0,9.97,mm
Kolkata,Rainfall,2024-02-08,1.1,0.0,9.6,mm
Kolkata,Rainfall,2024-02-09,1.22,0.0,9.96,mm
Kolkata,Rainfall,2024-02-10,1.13,0.0,10.17,mm
Kolkata,Rainfall,2024-02-11,1.1,0.0,9.74,mm
Kolkata,Rainfall,2024-02-12,1.21,0.0,10.23,mm
Kolkata,Rainfall,2024-02-13,1.1,0.0,10.33,mm
Kolkata,Rainfall,2024-02-14,1.79,0.0,10.94,mm
Kolkata,Rainfall,2024-02-15,1.45,0.0,10.26,mm
Kolkata,Rainfall,2024-02-16,1.59,0.0,10.69,mm
Kolkata,Rainfall,2024-02-17,1.52,0.0,10.27,mm
Kolkata,Rainfall,2024-02-18,1.5,0.0,9.84,mm
Kolkata,Rainfall,2024-02-19,1.62,0.0,10.76,mm
Kolkata,Rainfall,2024-02-20,1.52,0.0,10.34,mm
Kolkata,Rainfall,2024-02-21,2.2,0.0,11.79,mm
Kolkata,Rainfall,2024-02-22,1.85,0.0,11.03,mm
Kolkata,Rainfall,2024-02-23,1.98,0.0,11.19,mm
Kolkata,Rainfall,2024-02-24,1.89,0.0,11.63,mm
Kolkata,Rainfall,2024-02-25,1.84,0.0,11.06,mm
Kolkata,Rainfall,2024-02-26,1.93,0.0,11.31,mm
Kolkata,Rainfall,2024-02-27,1.8,0.0,10.55,mm
Kolkata,Rainfall,2024-02-28,2.44,0.0,11.15,mm
Kolkata,Rainfall,2024-02-29,2.05,0.0,11.94,mm
Kolkata,Rainfall,2024-03-01,2.14,0.0,11.27,mm
Kolkata,Rainfall,2024-03-02,2.01,0.0,10.63,mm
Kolkata,Rainfall,2024-03-03,1.92,0.0,10.87,mm
Kolkata,Rainfall,2024-03-04,1.97,0.0,10.57,mm
Kolkata,Rainfall,2024-03-05,1.79,0.0,10.7,mm
Kolkata,Rainfall,2024-03-06,2.4,0.0,11.32,mm
Kolkata,Rainfall,2024-03-07,1.97,0.0,10.77,mm
Kolkata,Rainfall,2024-03-08,2.03,0.0,10.62,mm
Kolkata,Rainfall,2024-03-09,1.87,0.0,10.29,mm
Kolkata,Rainfall,2024-03-10,1.76,0.0,10.56,mm
Kolkata,Rainfall,2024-03-11,1.79,0.0,10.26,mm
Kolkata,Rainfall,2024-03-12,1.61,0.0,10.0,mm
Kolkata,Rainfall,2024-03-13,2.2,0.0,11.71,mm
Kolkata,Rainfall,2024-03-14,1.78,0.0,10.84,mm
Kolkata,Rainfall,2024-03-15,1.84,0.0,10.45,mm
Kolkata,Rainfall,2024-03-16,1.69,0.0,10.78,mm
Kolkata,Rainfall,2024-03-17,1.6,0.0,10.16,mm
Kolkata,Rainfall,2024-03-18,1.65,0.0,10.21,mm
Kolkata,Rainfall,2024-03-19,1.48,0.0,10.52,mm
Kolkata,Rainfall,2024-03-20,2.11,0.0,11.39,mm
Kolkata,Rainfall,2024-03-21,1.71,0.0,10.58,mm
Kolkata,Rainfall,2024-03-22,1.8,0.0,10.83,mm
Kolkata,Rainfall,2024-03-23,1.68,0.0,10.25,mm
Kolkata,Rainfall,2024-03-24,1.62,0.0,10.36,mm
Kolkata,Rainfall,2024-03-25,1.7,0.0,10.52,mm
Kolkata,Rainfall,2024-03-26,1.56,0.0,10.1,mm
Kolkata,Rainfall,2024-03-27,2.21,0.0,11.08,mm
Kolkata,Rainfall,2024-03-28,1.85,0.0,10.8,mm
Kolkata,Rainfall,2024-03-29,1.96,0.0,10.86,mm
Kolkata,Rainfall,2024-03-30,1.87,0.0,10.94,mm
Mumbai,Temperature,2024-01-01,30.27,28.35,32.04,°C
Mumbai,Temperature,2024-01-02,30.25,28.44,32.29,°C
Mumbai,Temperature,2024-01-03,30.1,28.1,31.97,°C
Mumbai,Temperature,2024-01-04,30.11,28.11,31.99,°C
Mumbai,Temperature,2024-01-05,30.04,28.14,31.86,°C
Mumbai,Temperature,2024-01-06,30.0,28.1,31.89,°C
Mumbai,Temperature,2024-01-07,29.99,28.03,31.9,°C
Mumbai,Temperature,2024-01-08,29.9,27.95,31.75,°C
Mumbai,Temperature,2024-01-09,29.89,27.86,31.95,°C
Mumbai,Temperature,2024-01-10,29.76,27.97,31.7,°C
Mumbai,Temperature,2024-01-11,29.79,27.97,31.66,°C
Mumbai,Temperature,2024-01-12,29.74,27.89,31.69,°C
Mumbai,Temperature,2024-01-13,29.73,27.77,31.73,°C
Mumbai,Temperature,2024-01-14,29.76,27.85,31.72,°C
Mumbai,Temperature,2024-01-15,29.7,27.86,31.71,°C
Mumbai,Temperature,2024-01-16,29.73,27.71,31.6,°C
Mumbai,Temperature,2024-01-17,29.64,27.77,31.58,°C
Mumbai,Temperature,2024-01-18,29.71,27.82,31.66,°C
Mumbai,Temperature,2024-01-19,29.71,27.76,31.68,°C
Mumbai,Temperature,2024-01-20,29.74,27.7,31.81,°C
Mumbai,Temperature,2024-01-21,29.81,27.9,31.62,°C
Mumbai,Temperature,2024-01-22,29.8,27.71,31.71,°C
Mumbai,Temperature,2024-01-23,29.87,28.08,31.76,°C
Mumbai,Temperature,2024-01-24,29.82,28.01,31.7,°C
Mumbai,Temperature,2024-01-25,29.93,28.0,31.86,°C
Mumbai,Temperature,2024-01-26,29.96,28.11,31.82,°C
Mumbai,Temperature,2024-01-27,30.03,28.2,31.95,°C
Mumbai,Temperature,2024-01-28,30.13,28.23,32.06,°C
Mumbai,Temperature,2024-01-29,30.14,28.57,32.06,°C
Mumbai,Temperature,2024-01-30,30.24,28.3,32.06,°C
Mumbai,Temperature,2024-01-31,30.21,28.35,32.06,°C
Mumbai,Temperature,2024-02-01,30.33,28.56,32.13,°C
Mumbai,Temperature,2024-02-02,30.38,28.4,32.2,°C
Mumbai,Temperature,2024-02-03,30.45,28.39,32.29,°C
Mumbai,Temperature,2024-02-04,30.56,28.7,32.5,°C
Mumbai,Temperature,2024-02-05,30.57,28.73,32.65,°C
Mumbai,Temperature,2024-02-06,30.67,28.65,32.49,°C
Mumbai,Temperature,2024-02-07,30.64,28.75,32.48,°C
Mumbai,Temperature,2024-02-08,30.76,28.99,32.6,°C
Mumbai,Temperature,2024-02-09,30.81,28.9,32.78,°C
Mumbai,Temperature,2024-02-10,30.88,29.13,32.88,°C
Mumbai,Temperature,2024-02-11,30.99,29.14,33.04,°C
Mumbai,Temperature,2024-02-12,31.0,29.18,32.93,°C
Mumbai,Temperature,2024-02-13,31.1,29.07,32.95,°C
Mumbai,Temperature,2024-02-14,31.07,29.21,32.94,°C
Mumbai,Temperature,2024-02-15,31.2,29.33,33.13,°C
Mumbai,Temperature,2024-02-16,31.25,29.35,33.17,°C
Mumbai,Temperature,2024-02-17,31.34,29.57,33.28,°C
Mumbai,Temperature,2024-02-18,31.46,29.57,33.3,°C
Mumbai,Temperature,2024-02-19,31.48,29.54,33.4,°C
Mumbai,Temperature,2024-02-20,31.6,29.57,33.53,°C
Mumbai,Temperature,2024-02-21,31.59,29.71,33.47,°C
Mumbai,Temperature,2024-02-22,31.73,29.72,33.67,°C
Mumbai,Temperature,2024-02-23,31.81,29.88,33.71,°C
Mumbai,Temperature,2024-02-24,31.91,30.12,33.8,°C
Mumbai,Temperature,2024-02-25,32.05,30.17,34.06,°C
Mumbai,Temperature,2024-02-26,32.09,30.01,34.13,°C
Mumbai,Temperature,2024-02-27,32.22,30.28,34.13,°C
Mumbai,Temperature,2024-02-28,32.22,30.41,34.18,°C
Mumbai,Temperature,2024-02-29,32.37,30.45,34.22,°C
Mumbai,Temperature,2024-03-01,32.45,30.55,34.27,°C
Mumbai,Temperature,2024-03-02,32.55,30.5,34.5,°C
Mumbai,Temperature,2024-03-03,32.69,30.69,34.46,°C
Mumbai,Temperature,2024-03-04,32.72,30.75,34.7,°C
Mumbai,Temperature,2024-03-05,32.84,31.02,34.6,°C
Mumbai,Temperature,2024-03-06,32.81,30.87,34.78,°C
Mumbai,Temperature,2024-03-07,32.94,31.14,34.84,°C
Mumbai,Temperature,2024-03-08,32.98,31.09,34.95,°C
Mumbai,Temperature,2024-03-09,33.05,31.07,35.0,°C
Mumbai,Temperature,2024-03-10,33.14,31.12,35.07,°C
Mumbai,Temperature,2024-03-11,33.13,31.24,35.07,°C
Mumbai,Temperature,2024-03-12,33.2,31.17,35.14,°C
Mumbai,Temperature,2024-03-13,33.13,31.22,34.99,°C
Mumbai,Temperature,2024-03-14,33.2,31.34,35.15,°C
Mumbai,Temperature,2024-03-15,33.2,31.28,35.0,°C
Mumbai,Temperature,2024-03-16,33.21,31.51,35.14,°C
Mumbai,Temperature,2024-03-17,33.25,31.39,35.21,°C
Mumbai,Temperature,2024-03-18,33.2,31.25,35.13,°C
Mumbai,Temperature,2024-03-19,33.22,31.23,35.11,°C
Mumbai,Temperature,2024-03-20,33.11,31.24,34.98,°C
Mumbai,Temperature,2024-03-21,33.15,31.31,35.1,°C
Mumbai,Temperature,2024-03-22,33.12,31.16,35.0,°C
Mumbai,Temperature,2024-03-23,33.11,31.18,35.08,°C
Mumbai,Temperature,2024-03-24,33.14,31.13,35.09,°C
Mumbai,Temperature,2024-03-25,33.08,31.17,34.94,°C
Mumbai,Temperature,2024-03-26,33.1,31.01,35.19,°C
Mumbai,Temperature,2024-03-27,33.0,31.11,34.84,°C
Mumbai,Temperature,2024-03-28,33.05,31.14,35.02,°C
Mumbai,Temperature,2024-03-29,33.03,31.17,35.03,°C
Mumbai,Temperature,2024-03-30,33.05,31.19,35.1,°C
Mumbai,Rainfall,2024-01-01,0.67,0.0,13.21,mm
Mumbai,Rainfall,2024-01-02,1.03,0.0,13.63,mm
Mumbai,Rainfall,2024-01-03,1.3,0.0,14.37,mm
Mumbai,Rainfall,2024-01-04,0.5,0.0,12.9,mm
Mumbai,Rainfall,2024-01-05,0.68,0.0,12.95,mm
Mumbai,Rainfall,2024-01-06,0.85,0.0,13.68,mm
Mumbai,Rainfall,2024-01-07,0.89,0.0,14.22,mm
Mumbai,Rainfall,2024-01-08,0.81,0.0,13.48,mm
Mumbai,Rainfall,2024-01-09,1.2,0.0,14.67,mm
Mumbai,Rainfall,2024-01-10,1.5,0.0,14.61,mm
Mumbai,Rainfall,2024-01-11,0.71,0.0,13.31,mm
Mumbai,Rainfall,2024-01-12,0.9,0.0,12.98,mm
Mumbai,Rainfall,2024-01-13,1.08,0.0,13.53,mm
Mumbai,Rainfall,2024-01-14,1.13,0.0,12.99,mm
Mumbai,Rainfall,2024-01-15,1.04,0.0,15.07,mm
Mumbai,Rainfall,2024-01-16,1.42,0.0,14.48,mm
Mumbai,Rainfall,2024-01-17,1.7,0.0,15.03,mm
Mumbai,Rainfall,2024-01-18,0.89,0.0,12.98,mm
Mumbai,Rainfall,2024-01-19,1.05,0.0,13.08,mm
Mumbai,Rainfall,2024-01-20,1.19,0.0,14.34,mm
Mumbai,Rainfall,2024-01-21,1.2,0.0,14.25,mm
Mumbai,Rainfall,2024-01-22,1.07,0.0,14.03,mm
Mumbai,Rainfall,2024-01-23,1.41,0.0,14.07,mm
Mumbai,Rainfall,2024-01-24,1.65,0.0,13.41,mm
Mumbai,Rainfall,2024-01-25,0.8,0.0,12.31,mm
Mumbai,Rainfall,2024-01-26,0.92,0.0,13.52,mm
Mumbai,Rainfall,2024-01-27,1.04,0.0,13.23,mm
Mumbai,Rainfall,2024-01-28,1.02,0.0,13.3,mm
Mumbai,Rainfall,2024-01-29,0.86,0.0,13.66,mm
Mumbai,Rainfall,2024-01-30,1.18,0.0,13.09,mm
Mumbai,Rainfall,2024-01-31,1.41,0.0,14.18,mm
Mumbai,Rainfall,2024-02-01,0.56,0.0,13.42,mm
Mumbai,Rainfall,2024-02-02,0.68,0.0,12.14,mm
Mumbai,Rainfall,2024-02-03,0.81,0.0,13.81,mm
Mumbai,Rainfall,2024-02-04,0.81,0.0,13.45,mm
Mumbai,Rainfall,2024-02-05,0.68,0.0,12.99,mm
Mumbai,Rainfall,2024-02-06,1.03,0.0,13.1,mm
Mumbai,Rainfall,2024-02-07,1.3,0.0,13.16,mm
Mumbai,Rainfall,2024-02-08,0.48,0.0,12.62,mm
Mumbai,Rainfall,2024-02-09,0.66,0.0,13.5,mm
Mumbai,Rainfall,2024-02-10,0.83,0.0,13.54,mm
Mumbai,Rainfall,2024-02-11,0.87,0.0,13.3,mm
Mumbai,Rainfall,2024-02-12,0.79,0.0,13.26,mm
Mumbai,Rainfall,2024-02-13,1.18,0.0,15.3,mm
Mumbai,Rainfall,2024-02-14,1.48,0.0,15.14,mm
Mumbai,Rainfall,2024-02-15,0.7,0.0,12.81,mm
Mumbai,Rainfall,2024-02-16,0.9,0.0,13.15,mm
Mumbai,Rainfall,2024-02-17,1.09,0.0,13.0,mm
Mumbai,Rainfall,2024-02-18,1.15,0.0,12.77,mm
Mumbai,Rainfall,2024-02-19,1.07,0.0,14.54,mm
Mumbai,Rainfall,2024-02-20,1.46,0.0,13.91,mm
Mumbai,Rainfall,2024-02-21,1.75,0.0,14.51,mm
Mumbai,Rainfall,2024-02-22,0.95,0.0,12.98,mm
Mumbai,Rainfall,2024-02-23,1.12,0.0,13.5,mm
Mumbai,Rainfall,2024-02-24,1.28,0.0,14.57,mm
Mumbai,Rainfall,2024-02-25,1.29,0.0,13.81,mm
Mumbai,Rainfall,2024-02-26,1.17,0.0,13.65,mm
Mumbai,Rainfall,2024-02-27,1.51,0.0,14.38,mm
Mumbai,Rainfall,2024-02-28,1.75,0.0,14.03,mm
Mumbai,Rainfall,2024-02-29,0.9,0.0,13.57,mm
Mumbai,Rainfall,2024-03-01,1.03,0.0,13.08,mm
Mumbai,Rainfall,2024-03-02,1.13,0.0,13.5,mm
Mumbai,Rainfall,2024-03-03,1.11,0.0,13.19,mm
Mumbai,Rainfall,2024-03-04,0.95,0.0,14.46,mm
Mumbai,Rainfall,2024-03-05,1.27,0.0,13.08,mm
Mumbai,Rainfall,2024-03-06,1.49,0.0,14.43,mm
Mumbai,Rainfall,2024-03-07,0.63,0.0,13.22,mm
Mumbai,Rainfall,2024-03-08,0.75,0.0,12.47,mm
Mumbai,Rainfall,2024-03-09,0.87,0.0,13.29,mm
Mumbai,Rainfall,2024-03-10,0.86,0.0,13.22,mm
Mumbai,Rainfall,2024-03-11,0.72,0.0,13.19,mm
Mumbai,Rainfall,2024-03-12,1.07,0.0,14.05,mm
Mumbai,Rainfall,2024-03-13,1.33,0.0,13.35,mm
Mumbai,Rainfall,2024-03-14,0.52,0.0,13.67,mm
Mumbai,Rainfall,2024-03-15,0.69,0.0,13.7,mm
Mumbai,Rainfall,2024-03-16,0.86,0.0,12.72,mm
Mumbai,Rainfall,2024-03-17,0.91,0.0,13.76,mm
Mumbai,Rainfall,2024-03-18,0.83,0.0,13.55,mm
Mumbai,Rainfall,2024-03-19,1.23,0.0,14.72,mm
Mumbai,Rainfall,2024-03-20,1.53,0.0,14.59,mm
Mumbai,Rainfall,2024-03-21,0.76,0.0,13.32,mm
Mumbai,Rainfall,2024-03-22,0.96,0.0,12.67,mm
Mumbai,Rainfall,2024-03-23,1.16,0.0,13.1,mm
Mumbai,Rainfall,2024-03-24,1.22,0.0,13.95,mm
Mumbai,Rainfall,2024-03-25,1.14,0.0,13.76,mm
Mumbai,Rainfall,2024-03-26,1.53,0.0,14.44,mm
Mumbai,Rainfall,2024-03-27,1.81,0.0,13.82,mm
Mumbai,Rainfall,2024-03-28,1.01,0.0,14.62,mm
Mumbai,Rainfall,2024-03-29,1.18,0.0,14.01,mm
Mumbai,Rainfall,2024-03-30,1.32,0.0,14.63,mm
